INSERT INTO t_user (id, login_act, login_pwd, name, phone, email, account_no_expired, credentials_no_expired, account_no_locked, account_enabled, create_time, create_by, edit_time, edit_by, last_login_time) VALUES (1, 'admin', '$2a$10$M/Cj/AMCXXHbf3nlRhivoO81o5n9ETel0Mo8v5QAjYMKrzJP6w1Ei', '管理员', '13700000000', 'admin@qq.com', 1, 1, 1, 1, '2023-02-22 09:37:12.000000 +00:00', null, '2024-06-24 10:48:48.000000 +00:00', 1, '2024-01-11 11:20:17.000000 +00:00');
INSERT INTO t_user (id, login_act, login_pwd, name, phone, email, account_no_expired, credentials_no_expired, account_no_locked, account_enabled, create_time, create_by, edit_time, edit_by, last_login_time) VALUES (2, 'yuyan', '$2a$10$WEkWUvuJOV/q7lRXzmdvgulskx8EhLPU8N.hdnfNyk.AYqYSPwYHa', '于嫣', '13809090908', 'yuyan@163.com', 1, 1, 1, 1, '2023-02-28 12:11:40.000000 +00:00', 1, '2024-06-22 16:31:32.000000 +00:00', 2, '2023-12-11 21:07:07.000000 +00:00');
INSERT INTO t_user (id, login_act, login_pwd, name, phone, email, account_no_expired, credentials_no_expired, account_no_locked, account_enabled, create_time, create_by, edit_time, edit_by, last_login_time) VALUES (3, 'zhangqi', '$2a$10$Q0qTW6QqkabTzFyoilViw..YdrVzZkSKe5RvLmjgPgW/IrcPkBoF.', '张琪', '1362362323', 'zhangqi@qq.com', 1, 1, 1, 1, '2023-03-02 11:37:34.000000 +00:00', null, '2023-05-23 00:21:02.000000 +00:00', null, '2023-12-11 21:07:28.000000 +00:00');
INSERT INTO t_user (id, login_act, login_pwd, name, phone, email, account_no_expired, credentials_no_expired, account_no_locked, account_enabled, create_time, create_by, edit_time, edit_by, last_login_time) VALUES (4, 'suwanting', '$2a$10$3bambNLTCAKtQn2OXPiHb.f0SzH.MucTiLi6GPT6nQrYpsxsdxaFi', '苏婉婷', null, 'suwanting@qq.com', 1, 1, 1, 1, '2023-04-03 15:04:54.000000 +00:00', null, null, null, null);
INSERT INTO t_user (id, login_act, login_pwd, name, phone, email, account_no_expired, credentials_no_expired, account_no_locked, account_enabled, create_time, create_by, edit_time, edit_by, last_login_time) VALUES (5, 'wuxiaoxiao', '$2a$10$Lmk5wXYkZzQMFJEcXVZAZegIQhnAm6ONHpz09X/.gbOh5ze5fU6MW', '吴潇潇', null, 'wuxiaoxiao@qq.com', 1, 1, 1, 1, '2023-01-27 12:15:26.000000 +00:00', null, null, null, null);
INSERT INTO t_user (id, login_act, login_pwd, name, phone, email, account_no_expired, credentials_no_expired, account_no_locked, account_enabled, create_time, create_by, edit_time, edit_by, last_login_time) VALUES (6, 'mengyan', '$2a$10$6zGT7CfeuJ/6jZPk1pAqcuiMYDnCJstrceThGD5DVVOA5XvOP/sQq', '孟岩', null, 'mengyan@163.com', 1, 1, 1, 1, '2023-03-19 10:17:28.000000 +00:00', null, null, null, null);
INSERT INTO t_user (id, login_act, login_pwd, name, phone, email, account_no_expired, credentials_no_expired, account_no_locked, account_enabled, create_time, create_by, edit_time, edit_by, last_login_time) VALUES (7, 'yuanhuimin', '$2a$10$mbsloGtPV7cDwfAVYxuvLemQRWumZKrDxVZxg4fnbfaocnfZFlYuu', '袁慧敏', null, 'yuanhuimin@11.com', 1, 1, 1, 1, '2023-04-11 20:18:50.000000 +00:00', null, null, null, null);
INSERT INTO t_user (id, login_act, login_pwd, name, phone, email, account_no_expired, credentials_no_expired, account_no_locked, account_enabled, create_time, create_by, edit_time, edit_by, last_login_time) VALUES (8, 'qinxuwen', '$2a$10$ir8uLlBrPMHRtGiu5Ajkv.UKcRacXWRen7zxelp9iUaco3WhGkJ36', '秦旭文', '13820000000', 'qinxuwen@163.com', 1, 1, 1, 1, '2023-03-19 21:11:37.000000 +00:00', null, null, null, null);
INSERT INTO t_user (id, login_act, login_pwd, name, phone, email, account_no_expired, credentials_no_expired, account_no_locked, account_enabled, create_time, create_by, edit_time, edit_by, last_login_time) VALUES (9, 'chengjie', '$2a$10$jQR8yyF/ailGP/zW6G4JOOffzWOXhe02Rgw7MZLfxL.IGFdM3cjM2', '程杰', '13500000000', 'chengjie@qq.com', 1, 1, 1, 1, '2023-04-16 07:16:19.000000 +00:00', null, '2023-04-20 21:42:21.000000 +00:00', null, null);
INSERT INTO t_user (id, login_act, login_pwd, name, phone, email, account_no_expired, credentials_no_expired, account_no_locked, account_enabled, create_time, create_by, edit_time, edit_by, last_login_time) VALUES (10, 'zhouliang', '$2a$10$0yOGdkAcG8JLEcoEmmCnfO8Vp6rcqBnn30k6pGor5Z0.eLMyLEd7.', '周亮', '13800000008', 'zhouliang@163.com', 1, 1, 1, 1, '2023-03-18 13:13:45.000000 +00:00', null, '2024-06-22 16:49:57.000000 +00:00', 2, null);
INSERT INTO t_user (id, login_act, login_pwd, name, phone, email, account_no_expired, credentials_no_expired, account_no_locked, account_enabled, create_time, create_by, edit_time, edit_by, last_login_time) VALUES (11, 'zhangwei', '$2a$10$BfOgsdSAZ9VYBOzv692BM.oWGPLktcqhhjU3AaWESkGNRcW484N7O', '张伟', null, 'zhangwei@qq.com', 1, 1, 1, 1, '2023-03-06 09:18:23.000000 +00:00', null, null, null, null);
INSERT INTO t_user (id, login_act, login_pwd, name, phone, email, account_no_expired, credentials_no_expired, account_no_locked, account_enabled, create_time, create_by, edit_time, edit_by, last_login_time) VALUES (12, 'dengping', '$2a$10$hpN8orfqUFXb.WWbIoZBkOZrr6D8rdSbl/SWXsMQ0zEuqkldlkpW2', '邓萍', null, 'dengping@qq.com', 1, 1, 1, 1, '2023-02-19 20:10:58.000000 +00:00', null, null, null, null);
INSERT INTO t_user (id, login_act, login_pwd, name, phone, email, account_no_expired, credentials_no_expired, account_no_locked, account_enabled, create_time, create_by, edit_time, edit_by, last_login_time) VALUES (13, 'zhangxing', '$2a$10$uBVDcCCJQvTfoFCjbjwrf.MhyczNNJfCn76jD61CsAgsUlXjXhxzG', '张欣', null, 'zhangxing@qq.com', 1, 1, 1, 1, '2023-03-17 12:12:11.000000 +00:00', null, null, null, null);
INSERT INTO t_user (id, login_act, login_pwd, name, phone, email, account_no_expired, credentials_no_expired, account_no_locked, account_enabled, create_time, create_by, edit_time, edit_by, last_login_time) VALUES (14, 'zhangmeng', '$2a$10$MMHG2cQh4H4YFbdf48SnyO9IZ78F110x3.7IWGNExrgk2rFmhrd/u', '张萌', null, 'zhangmeng@qq.com', 1, 1, 1, 1, '2023-01-13 08:16:02.000000 +00:00', null, null, null, null);
INSERT INTO t_user (id, login_act, login_pwd, name, phone, email, account_no_expired, credentials_no_expired, account_no_locked, account_enabled, create_time, create_by, edit_time, edit_by, last_login_time) VALUES (15, 'shixixiang', '$2a$10$zYwq/QfevFPAZxw4b2DkCeQvjVQ52AUU9c4aC0uS0wTJaRr75G74y', '石喜祥', null, 'shixixiang@qq.com', 1, 1, 1, 1, '2023-03-10 15:19:49.000000 +00:00', null, null, null, null);
INSERT INTO t_user (id, login_act, login_pwd, name, phone, email, account_no_expired, credentials_no_expired, account_no_locked, account_enabled, create_time, create_by, edit_time, edit_by, last_login_time) VALUES (16, 'chengjiuming', '$2a$10$yNN5TcFkM4OqRsKGNM8CNeqAJhRYKQgXVFqbre5lQPicnIXT7THTu', '陈久明', null, 'chengjiuming@163.com', 1, 1, 1, 1, '2023-04-09 23:17:37.000000 +00:00', null, null, null, null);
INSERT INTO t_user (id, login_act, login_pwd, name, phone, email, account_no_expired, credentials_no_expired, account_no_locked, account_enabled, create_time, create_by, edit_time, edit_by, last_login_time) VALUES (17, 'genghao', '$2a$10$rWHo.vUpJCbqWLGMkPj95O5FlhaQLzro.LY7pVQ/UnVVAdvjEAy0K', '耿浩', null, 'genghao@qq.com', 1, 1, 1, 1, '2023-03-19 12:10:22.000000 +00:00', null, '2023-04-10 21:42:21.000000 +00:00', null, null);
INSERT INTO t_user (id, login_act, login_pwd, name, phone, email, account_no_expired, credentials_no_expired, account_no_locked, account_enabled, create_time, create_by, edit_time, edit_by, last_login_time) VALUES (18, 'hanmingyang', '$2a$10$PRMdG7a8nFIN1A3TD584Xe2BZI7Y0mktDL7Wp5lF88E1D1iPijFc6', '韩明洋', null, 'hanmingyang@163.com', 1, 1, 1, 1, '2023-02-12 18:13:01.000000 +00:00', null, '2023-04-13 23:43:25.000000 +00:00', null, null);
INSERT INTO t_user (id, login_act, login_pwd, name, phone, email, account_no_expired, credentials_no_expired, account_no_locked, account_enabled, create_time, create_by, edit_time, edit_by, last_login_time) VALUES (19, 'xuyan', '$2a$10$S7MF2dOqFcoOJPqpEH2nu.Muhn2XC0BlBTZ5gAoL3axrQxdJEJNnK', '徐燕', null, 'xuyan@qq.com', 1, 1, 1, 1, '2023-03-29 13:16:15.000000 +00:00', null, null, null, null);
INSERT INTO t_user (id, login_act, login_pwd, name, phone, email, account_no_expired, credentials_no_expired, account_no_locked, account_enabled, create_time, create_by, edit_time, edit_by, last_login_time) VALUES (20, 'chengjuan', '$2a$10$m1g5cxikApV05pR7Cx4cy.d4sT3efOl6UvDLvH27WzMjtpymQ5ANi', '程娟', null, 'chengjuan@qq.com', 1, 1, 1, 1, '2023-02-19 15:12:22.000000 +00:00', null, null, null, null);
INSERT INTO t_user (id, login_act, login_pwd, name, phone, email, account_no_expired, credentials_no_expired, account_no_locked, account_enabled, create_time, create_by, edit_time, edit_by, last_login_time) VALUES (21, 'huangxiao', '$2a$10$R/RwQd5.3OxYpSZBLIn8DeeYYNF0vgWCrCR4tcyL.c/HtnuIfBRIK', '黄潇', null, 'huangxiao@qq.com', 1, 1, 1, 1, '2023-03-26 22:11:37.000000 +00:00', null, null, null, null);
INSERT INTO t_user (id, login_act, login_pwd, name, phone, email, account_no_expired, credentials_no_expired, account_no_locked, account_enabled, create_time, create_by, edit_time, edit_by, last_login_time) VALUES (22, 'yangyuxin', '$2a$10$ucE/By6NLBb4tN5H3CUimOQ2eAtbjXFf2v77SJUPbHXRI9lTF97Ka', '杨雨欣', null, 'yangyuxin@163.com', 1, 1, 1, 1, '2023-04-13 18:14:59.000000 +00:00', null, null, null, null);
INSERT INTO t_user (id, login_act, login_pwd, name, phone, email, account_no_expired, credentials_no_expired, account_no_locked, account_enabled, create_time, create_by, edit_time, edit_by, last_login_time) VALUES (23, 'xiaojie', '$2a$10$A215.iFSp7/d99X5M6KE.eu5YvA7nJ5vNEJraxmpA8EUYJN6lx9rW', '肖捷', null, 'xiaojie@163.com', 1, 1, 1, 1, '2023-02-18 09:19:02.000000 +00:00', null, null, null, null);

INSERT INTO t_role (id, role, role_name) VALUES (1, 'admin', '管理员');
INSERT INTO t_role (id, role, role_name) VALUES (2, 'saler', '销售员');
INSERT INTO t_role (id, role, role_name) VALUES (3, 'manager', '销售经理');
INSERT INTO t_role (id, role, role_name) VALUES (4, 'marketing ', '市场营销');
INSERT INTO t_role (id, role, role_name) VALUES (5, 'accountant', '会计');

INSERT INTO t_permission (id, name, code, url, type, parent_id, order_no, icon, component) VALUES (1, '市场活动', null, null, 'menu', 0, 1, 'OfficeBuilding', null);
INSERT INTO t_permission (id, name, code, url, type, parent_id, order_no, icon, component) VALUES (2, '市场活动', null, '/dashboard/activity', 'menu', 1, 1, 'CreditCard', 'ActivityView');
INSERT INTO t_permission (id, name, code, url, type, parent_id, order_no, icon, component) VALUES (3, '市场活动-列表', 'activity:list', null, 'button', 2, null, null, null);
INSERT INTO t_permission (id, name, code, url, type, parent_id, order_no, icon, component) VALUES (4, '市场活动-录入', 'activity:add', null, 'button', 2, null, null, null);
INSERT INTO t_permission (id, name, code, url, type, parent_id, order_no, icon, component) VALUES (5, '市场活动-编辑', 'activity:edit', null, 'button', 2, null, null, null);
INSERT INTO t_permission (id, name, code, url, type, parent_id, order_no, icon, component) VALUES (6, '市场活动-查看', 'activity:view', null, 'button', 2, null, null, null);
INSERT INTO t_permission (id, name, code, url, type, parent_id, order_no, icon, component) VALUES (7, '市场活动-删除', 'activity:delete', null, 'button', 2, null, null, null);
INSERT INTO t_permission (id, name, code, url, type, parent_id, order_no, icon, component) VALUES (9, '市场活动-搜索', 'activity:search', null, 'button', 2, null, null, null);
INSERT INTO t_permission (id, name, code, url, type, parent_id, order_no, icon, component) VALUES (10, '线索管理', null, null, 'menu', 0, 2, 'Magnet', null);
INSERT INTO t_permission (id, name, code, url, type, parent_id, order_no, icon, component) VALUES (12, '线索管理', null, '/dashboard/clue', 'menu', 10, 1, 'Paperclip', 'ClueView');
INSERT INTO t_permission (id, name, code, url, type, parent_id, order_no, icon, component) VALUES (13, '线索管理-列表', 'clue:list', null, 'button', 12, null, null, null);
INSERT INTO t_permission (id, name, code, url, type, parent_id, order_no, icon, component) VALUES (14, '线索管理-录入', 'clue:add', null, 'button', 12, null, null, null);
INSERT INTO t_permission (id, name, code, url, type, parent_id, order_no, icon, component) VALUES (15, '线索管理-编辑', 'clue:edit', null, 'button', 12, null, null, null);
INSERT INTO t_permission (id, name, code, url, type, parent_id, order_no, icon, component) VALUES (16, '线索管理-查看', 'clue:view', null, 'button', 12, null, null, null);
INSERT INTO t_permission (id, name, code, url, type, parent_id, order_no, icon, component) VALUES (17, '线索管理-删除', 'clue:delete', null, 'button', 12, null, null, null);
INSERT INTO t_permission (id, name, code, url, type, parent_id, order_no, icon, component) VALUES (18, '线索管理-导入', 'clue:import', null, 'button', 12, null, null, null);
INSERT INTO t_permission (id, name, code, url, type, parent_id, order_no, icon, component) VALUES (19, '客户管理', null, null, 'menu', 0, 3, 'User', null);
INSERT INTO t_permission (id, name, code, url, type, parent_id, order_no, icon, component) VALUES (20, '客户管理', null, '/dashboard/customer', 'menu', 19, 1, 'UserFilled', 'CustomerView');
INSERT INTO t_permission (id, name, code, url, type, parent_id, order_no, icon, component) VALUES (21, '客户管理-列表', 'customer:list', null, 'button', 20, null, null, null);
INSERT INTO t_permission (id, name, code, url, type, parent_id, order_no, icon, component) VALUES (22, '客户管理-查看', 'customer:view', null, 'button', 20, null, null, null);
INSERT INTO t_permission (id, name, code, url, type, parent_id, order_no, icon, component) VALUES (23, '客户管理-导出', 'customer:export', null, 'button', 20, null, null, null);
INSERT INTO t_permission (id, name, code, url, type, parent_id, order_no, icon, component) VALUES (24, '交易管理', null, null, 'menu', 0, 4, 'Wallet', null);
INSERT INTO t_permission (id, name, code, url, type, parent_id, order_no, icon, component) VALUES (25, '交易管理', null, '/dashboard/tran', 'menu', 24, 1, 'Coin', 'TranView');
INSERT INTO t_permission (id, name, code, url, type, parent_id, order_no, icon, component) VALUES (26, '交易管理-列表', 'tran:list', null, 'button', 25, null, null, null);
INSERT INTO t_permission (id, name, code, url, type, parent_id, order_no, icon, component) VALUES (27, '交易管理-查看', 'tran:view', null, 'button', 25, null, null, null);
INSERT INTO t_permission (id, name, code, url, type, parent_id, order_no, icon, component) VALUES (28, '产品管理', null, null, 'menu', 0, 5, 'Memo', null);
INSERT INTO t_permission (id, name, code, url, type, parent_id, order_no, icon, component) VALUES (29, '产品管理', null, '/dashboard/product', 'menu', 28, 1, 'SetUp', 'ProductView');
INSERT INTO t_permission (id, name, code, url, type, parent_id, order_no, icon, component) VALUES (30, '产品管理-列表', 'product:list', null, 'button', 29, null, null, null);
INSERT INTO t_permission (id, name, code, url, type, parent_id, order_no, icon, component) VALUES (31, '产品管理-录入', 'product:add', null, 'button', 29, null, null, null);
INSERT INTO t_permission (id, name, code, url, type, parent_id, order_no, icon, component) VALUES (32, '产品管理-编辑', 'product:edit', null, 'button', 29, null, null, null);
INSERT INTO t_permission (id, name, code, url, type, parent_id, order_no, icon, component) VALUES (33, '产品管理-查看', 'product:view', null, 'button', 29, null, null, null);
INSERT INTO t_permission (id, name, code, url, type, parent_id, order_no, icon, component) VALUES (34, '产品管理-删除', 'product:delete', null, 'button', 29, null, null, null);
INSERT INTO t_permission (id, name, code, url, type, parent_id, order_no, icon, component) VALUES (35, '字典管理', null, null, 'menu', 0, 6, 'Grid', null);
INSERT INTO t_permission (id, name, code, url, type, parent_id, order_no, icon, component) VALUES (36, '字典类型', null, '/dashboard/dictype', 'menu', 35, 1, 'Postcard', 'DictypeView');
INSERT INTO t_permission (id, name, code, url, type, parent_id, order_no, icon, component) VALUES (37, '字典类型-列表', 'dictype:list', null, 'button', 36, null, null, null);
INSERT INTO t_permission (id, name, code, url, type, parent_id, order_no, icon, component) VALUES (38, '字典类型-录入', 'dictype:add', null, 'button', 36, null, null, null);
INSERT INTO t_permission (id, name, code, url, type, parent_id, order_no, icon, component) VALUES (39, '字典类型-编辑', 'dictype:edit', null, 'button', 36, null, null, null);
INSERT INTO t_permission (id, name, code, url, type, parent_id, order_no, icon, component) VALUES (40, '字典类型-查看', 'dictype:view', null, 'button', 36, null, null, null);
INSERT INTO t_permission (id, name, code, url, type, parent_id, order_no, icon, component) VALUES (41, '字典类型-删除', 'dictype:delete', null, 'button', 36, null, null, null);
INSERT INTO t_permission (id, name, code, url, type, parent_id, order_no, icon, component) VALUES (42, '字典数据', '', '/dashboard/dicvalue', 'menu', 35, 2, 'DataAnalysis', 'DicvalueView');
INSERT INTO t_permission (id, name, code, url, type, parent_id, order_no, icon, component) VALUES (43, '字典数据-列表', 'dicvalue:list', null, 'button', 42, null, null, null);
INSERT INTO t_permission (id, name, code, url, type, parent_id, order_no, icon, component) VALUES (44, '字典数据-录入', 'dicvalue:add', null, 'button', 42, null, null, null);
INSERT INTO t_permission (id, name, code, url, type, parent_id, order_no, icon, component) VALUES (45, '字典数据-编辑', 'dicvalue:edit', null, 'button', 42, null, null, null);
INSERT INTO t_permission (id, name, code, url, type, parent_id, order_no, icon, component) VALUES (46, '字典数据-查看', 'dicvalue:view', null, 'button', 42, null, null, null);
INSERT INTO t_permission (id, name, code, url, type, parent_id, order_no, icon, component) VALUES (47, '字典数据-删除', 'dicvalue:delete', null, 'button', 42, null, null, null);
INSERT INTO t_permission (id, name, code, url, type, parent_id, order_no, icon, component) VALUES (49, '用户管理', null, '/dashboard/TUser', 'menu', 55, 1, 'User', 'UserView');
INSERT INTO t_permission (id, name, code, url, type, parent_id, order_no, icon, component) VALUES (50, '用户管理-列表', 'TUser:list', null, 'button', 49, null, null, null);
INSERT INTO t_permission (id, name, code, url, type, parent_id, order_no, icon, component) VALUES (51, '用户管理-录入', 'TUser:add', null, 'button', 49, null, null, null);
INSERT INTO t_permission (id, name, code, url, type, parent_id, order_no, icon, component) VALUES (52, '用户管理-编辑', 'TUser:edit', null, 'button', 49, null, null, null);
INSERT INTO t_permission (id, name, code, url, type, parent_id, order_no, icon, component) VALUES (53, '用户管理-查看', 'TUser:view', null, 'button', 49, null, null, null);
INSERT INTO t_permission (id, name, code, url, type, parent_id, order_no, icon, component) VALUES (54, '用户管理-删除', 'TUser:delete', null, 'button', 49, null, null, null);
INSERT INTO t_permission (id, name, code, url, type, parent_id, order_no, icon, component) VALUES (55, '系统管理', null, null, 'menu', 0, 8, 'Setting', null);
INSERT INTO t_permission (id, name, code, url, type, parent_id, order_no, icon, component) VALUES (56, '系统管理', null, '/dashboard/system', 'menu', 55, 3, 'Tools', 'SystemView');
INSERT INTO t_permission (id, name, code, url, type, parent_id, order_no, icon, component) VALUES (57, '系统管理-列表', 'system:list', null, 'button', 56, null, null, null);
INSERT INTO t_permission (id, name, code, url, type, parent_id, order_no, icon, component) VALUES (58, '系统管理-录入', 'system:add', null, 'button', 56, null, null, null);
INSERT INTO t_permission (id, name, code, url, type, parent_id, order_no, icon, component) VALUES (59, '系统管理-编辑', 'system:edit', null, 'button', 56, null, null, null);
INSERT INTO t_permission (id, name, code, url, type, parent_id, order_no, icon, component) VALUES (60, '系统管理-查看', 'system:view', null, 'button', 56, null, null, null);
INSERT INTO t_permission (id, name, code, url, type, parent_id, order_no, icon, component) VALUES (61, '系统管理-删除', 'system:delete', null, 'button', 56, null, null, null);
INSERT INTO t_permission (id, name, code, url, type, parent_id, order_no, icon, component) VALUES (1112, '角色管理', null, '/dashboard/role', 'menu', 55, 2, 'UserFilled', 'RoleView');

INSERT INTO t_dic_type (id, type_code, type_name, remark) VALUES (1, 'sex', '性别', null);
INSERT INTO t_dic_type (id, type_code, type_name, remark) VALUES (2, 'appellation', '称呼', null);
INSERT INTO t_dic_type (id, type_code, type_name, remark) VALUES (3, 'clueState', '线索状态', null);
INSERT INTO t_dic_type (id, type_code, type_name, remark) VALUES (4, 'returnPriority', '回访优先级', null);
INSERT INTO t_dic_type (id, type_code, type_name, remark) VALUES (5, 'returnState', '回访状态', null);
INSERT INTO t_dic_type (id, type_code, type_name, remark) VALUES (6, 'source', '来源', null);
INSERT INTO t_dic_type (id, type_code, type_name, remark) VALUES (7, 'stage', '阶段', null);
INSERT INTO t_dic_type (id, type_code, type_name, remark) VALUES (8, 'transactionType', '交易类型', null);
INSERT INTO t_dic_type (id, type_code, type_name, remark) VALUES (9, 'intentionState', '意向状态', null);
INSERT INTO t_dic_type (id, type_code, type_name, remark) VALUES (10, 'needLoan', '是否贷款', null);
INSERT INTO t_dic_type (id, type_code, type_name, remark) VALUES (11, 'educational', '学历', null);
INSERT INTO t_dic_type (id, type_code, type_name, remark) VALUES (12, 'userState', '用户状态', null);
INSERT INTO t_dic_type (id, type_code, type_name, remark) VALUES (13, 'noteWay', '跟踪方式', null);

INSERT INTO t_system_info (id, system_code, name, site, logo, title, description, keywords, shortcuticon, tel, weixin, email, address, version, closemsg, isopen, create_time, create_by, edit_time, edit_by) VALUES (1, 'crm', '动力云客系统', 'http://www.bjpowernode.com', 'http://localhost:8080/image/logo.png', '动力云客系统', '动力CRM 企业客户智慧云管理', 'crm, 客户, 客户关系, 客户关系管理', 'http://www.bjpowernode.com/favicon.ico', '010-84846003', '123456789', '123456789@qq.com', '北京市大兴区大族企业湾10栋3层', '系统版本:1.1.0.bate', '网站维护中 动力云客系统 http://www.bjpowernode.com', 'true', '2023-11-08 13:28:18.000000 +00:00', 1, null, null);
INSERT INTO t_system_info (id, system_code, name, site, logo, title, description, keywords, shortcuticon, tel, weixin, email, address, version, closemsg, isopen, create_time, create_by, edit_time, edit_by) VALUES (2, 'call', '动力呼叫系统', 'http://www.bjpowernode.com', 'http://localhost:8080/image/logo.png', '动力呼叫系统', '动力CRM 企业客户智慧云管理', 'crm, 客户, 客户关系, 客户关系管理', 'http://www.bjpowernode.com/favicon.ico', '010-84846003', '123456789', '123456789@qq.com', '北京市大兴区大族企业湾10栋3层', '系统版本:1.1.0.bate', '网站维护中 动力呼叫系统 http://www.bjpowernode.com', 'true', '2023-11-08 13:28:21.000000 +00:00', 1, null, null);

INSERT INTO t_product (id, name, guide_price_s, guide_price_e, quotation, state, create_time, create_by, edit_time, edit_by) VALUES (1, '海鸥', 10.18, 10.58, 9.28, 0, '2023-04-06 18:25:00.000000 +00:00', 1, null, null);
INSERT INTO t_product (id, name, guide_price_s, guide_price_e, quotation, state, create_time, create_by, edit_time, edit_by) VALUES (2, '比亚迪e2', 10.28, 10.98, 9.78, 0, '2023-04-03 15:26:12.000000 +00:00', 1, null, null);
INSERT INTO t_product (id, name, guide_price_s, guide_price_e, quotation, state, create_time, create_by, edit_time, edit_by) VALUES (3, '比亚迪e3', 15.48, 15.98, 14.38, 0, '2023-04-03 11:29:08.000000 +00:00', 1, null, null);
INSERT INTO t_product (id, name, guide_price_s, guide_price_e, quotation, state, create_time, create_by, edit_time, edit_by) VALUES (4, '海豚', 11.68, 13.68, 10.86, 0, '2023-04-09 10:27:47.000000 +00:00', 1, null, null);
INSERT INTO t_product (id, name, guide_price_s, guide_price_e, quotation, state, create_time, create_by, edit_time, edit_by) VALUES (5, '秦EV', 12.99, 16.98, 11.98, 0, '2023-04-08 15:28:23.000000 +00:00', 1, null, null);
INSERT INTO t_product (id, name, guide_price_s, guide_price_e, quotation, state, create_time, create_by, edit_time, edit_by) VALUES (6, '秦PLUS DM-i', 9.98, 16.58, 9.06, 0, '2023-04-10 19:29:53.000000 +00:00', 1, null, null);
INSERT INTO t_product (id, name, guide_price_s, guide_price_e, quotation, state, create_time, create_by, edit_time, edit_by) VALUES (7, '秦PLUS EV', 12.98, 18.08, 12.38, 0, '2023-04-05 09:30:31.000000 +00:00', 1, null, null);
INSERT INTO t_product (id, name, guide_price_s, guide_price_e, quotation, state, create_time, create_by, edit_time, edit_by) VALUES (8, '海豹', 21.28, 28.98, 20.18, 0, '2023-04-02 10:31:08.000000 +00:00', 1, null, null);
INSERT INTO t_product (id, name, guide_price_s, guide_price_e, quotation, state, create_time, create_by, edit_time, edit_by) VALUES (9, '汉DM', 21.78, 32.18, 19.88, 0, '2023-04-07 16:31:45.000000 +00:00', 1, null, null);
INSERT INTO t_product (id, name, guide_price_s, guide_price_e, quotation, state, create_time, create_by, edit_time, edit_by) VALUES (10, '宋PLUS EV', 18.68, 20.38, 17.86, 0, '2023-03-18 21:33:08.000000 +00:00', 1, null, null);

INSERT INTO t_role_permission (id, role_id, permission_id) VALUES (1, 1, 1);
INSERT INTO t_role_permission (id, role_id, permission_id) VALUES (2, 1, 2);
INSERT INTO t_role_permission (id, role_id, permission_id) VALUES (3, 1, 3);
INSERT INTO t_role_permission (id, role_id, permission_id) VALUES (4, 1, 4);
INSERT INTO t_role_permission (id, role_id, permission_id) VALUES (5, 1, 5);
INSERT INTO t_role_permission (id, role_id, permission_id) VALUES (6, 1, 6);
INSERT INTO t_role_permission (id, role_id, permission_id) VALUES (7, 1, 7);
INSERT INTO t_role_permission (id, role_id, permission_id) VALUES (8, 1, 9);
INSERT INTO t_role_permission (id, role_id, permission_id) VALUES (9, 1, 10);
INSERT INTO t_role_permission (id, role_id, permission_id) VALUES (10, 1, 12);
INSERT INTO t_role_permission (id, role_id, permission_id) VALUES (11, 1, 13);
INSERT INTO t_role_permission (id, role_id, permission_id) VALUES (12, 1, 14);
INSERT INTO t_role_permission (id, role_id, permission_id) VALUES (13, 1, 15);
INSERT INTO t_role_permission (id, role_id, permission_id) VALUES (14, 1, 16);
INSERT INTO t_role_permission (id, role_id, permission_id) VALUES (15, 1, 17);
INSERT INTO t_role_permission (id, role_id, permission_id) VALUES (16, 1, 18);
INSERT INTO t_role_permission (id, role_id, permission_id) VALUES (17, 1, 19);
INSERT INTO t_role_permission (id, role_id, permission_id) VALUES (18, 1, 20);
INSERT INTO t_role_permission (id, role_id, permission_id) VALUES (19, 1, 21);
INSERT INTO t_role_permission (id, role_id, permission_id) VALUES (20, 1, 22);
INSERT INTO t_role_permission (id, role_id, permission_id) VALUES (21, 1, 23);
INSERT INTO t_role_permission (id, role_id, permission_id) VALUES (22, 1, 24);
INSERT INTO t_role_permission (id, role_id, permission_id) VALUES (23, 1, 25);
INSERT INTO t_role_permission (id, role_id, permission_id) VALUES (24, 1, 26);
INSERT INTO t_role_permission (id, role_id, permission_id) VALUES (25, 1, 27);
INSERT INTO t_role_permission (id, role_id, permission_id) VALUES (26, 1, 28);
INSERT INTO t_role_permission (id, role_id, permission_id) VALUES (27, 1, 29);
INSERT INTO t_role_permission (id, role_id, permission_id) VALUES (28, 1, 30);
INSERT INTO t_role_permission (id, role_id, permission_id) VALUES (29, 1, 31);
INSERT INTO t_role_permission (id, role_id, permission_id) VALUES (30, 1, 32);
INSERT INTO t_role_permission (id, role_id, permission_id) VALUES (31, 1, 33);
INSERT INTO t_role_permission (id, role_id, permission_id) VALUES (32, 1, 34);
INSERT INTO t_role_permission (id, role_id, permission_id) VALUES (33, 1, 35);
INSERT INTO t_role_permission (id, role_id, permission_id) VALUES (34, 1, 36);
INSERT INTO t_role_permission (id, role_id, permission_id) VALUES (35, 1, 37);
INSERT INTO t_role_permission (id, role_id, permission_id) VALUES (36, 1, 38);
INSERT INTO t_role_permission (id, role_id, permission_id) VALUES (37, 1, 39);
INSERT INTO t_role_permission (id, role_id, permission_id) VALUES (38, 1, 40);
INSERT INTO t_role_permission (id, role_id, permission_id) VALUES (39, 1, 41);
INSERT INTO t_role_permission (id, role_id, permission_id) VALUES (40, 1, 42);
INSERT INTO t_role_permission (id, role_id, permission_id) VALUES (41, 1, 43);
INSERT INTO t_role_permission (id, role_id, permission_id) VALUES (42, 1, 44);
INSERT INTO t_role_permission (id, role_id, permission_id) VALUES (43, 1, 45);
INSERT INTO t_role_permission (id, role_id, permission_id) VALUES (44, 1, 46);
INSERT INTO t_role_permission (id, role_id, permission_id) VALUES (45, 1, 47);
INSERT INTO t_role_permission (id, role_id, permission_id) VALUES (47, 1, 49);
INSERT INTO t_role_permission (id, role_id, permission_id) VALUES (48, 1, 50);
INSERT INTO t_role_permission (id, role_id, permission_id) VALUES (49, 1, 51);
INSERT INTO t_role_permission (id, role_id, permission_id) VALUES (50, 1, 52);
INSERT INTO t_role_permission (id, role_id, permission_id) VALUES (51, 1, 53);
INSERT INTO t_role_permission (id, role_id, permission_id) VALUES (52, 1, 54);
INSERT INTO t_role_permission (id, role_id, permission_id) VALUES (53, 1, 55);
INSERT INTO t_role_permission (id, role_id, permission_id) VALUES (54, 1, 56);
INSERT INTO t_role_permission (id, role_id, permission_id) VALUES (55, 1, 57);
INSERT INTO t_role_permission (id, role_id, permission_id) VALUES (56, 1, 58);
INSERT INTO t_role_permission (id, role_id, permission_id) VALUES (57, 1, 59);
INSERT INTO t_role_permission (id, role_id, permission_id) VALUES (58, 1, 60);
INSERT INTO t_role_permission (id, role_id, permission_id) VALUES (59, 1, 61);
INSERT INTO t_role_permission (id, role_id, permission_id) VALUES (60, 2, 10);
INSERT INTO t_role_permission (id, role_id, permission_id) VALUES (61, 2, 12);
INSERT INTO t_role_permission (id, role_id, permission_id) VALUES (62, 2, 13);
INSERT INTO t_role_permission (id, role_id, permission_id) VALUES (63, 2, 14);
INSERT INTO t_role_permission (id, role_id, permission_id) VALUES (64, 2, 15);
INSERT INTO t_role_permission (id, role_id, permission_id) VALUES (65, 2, 16);
INSERT INTO t_role_permission (id, role_id, permission_id) VALUES (66, 2, 57);
INSERT INTO t_role_permission (id, role_id, permission_id) VALUES (67, 2, 18);
INSERT INTO t_role_permission (id, role_id, permission_id) VALUES (68, 2, 19);
INSERT INTO t_role_permission (id, role_id, permission_id) VALUES (69, 2, 20);
INSERT INTO t_role_permission (id, role_id, permission_id) VALUES (70, 2, 21);
INSERT INTO t_role_permission (id, role_id, permission_id) VALUES (71, 2, 22);
INSERT INTO t_role_permission (id, role_id, permission_id) VALUES (72, 2, 23);
INSERT INTO t_role_permission (id, role_id, permission_id) VALUES (73, 2, 24);
INSERT INTO t_role_permission (id, role_id, permission_id) VALUES (74, 2, 25);
INSERT INTO t_role_permission (id, role_id, permission_id) VALUES (75, 2, 26);
INSERT INTO t_role_permission (id, role_id, permission_id) VALUES (76, 2, 27);

INSERT INTO t_user_role (id, user_id, role_id) VALUES (1, 1, 1);
INSERT INTO t_user_role (id, user_id, role_id) VALUES (2, 2, 2);
INSERT INTO t_user_role (id, user_id, role_id) VALUES (3, 3, 2);
INSERT INTO t_user_role (id, user_id, role_id) VALUES (4, 4, 3);
INSERT INTO t_user_role (id, user_id, role_id) VALUES (5, 5, 4);
INSERT INTO t_user_role (id, user_id, role_id) VALUES (6, 6, 5);

INSERT INTO t_dic_value (id, type_code, type_value, "order", remark) VALUES (-1, 'clueState', '已转客户', 0, null);
INSERT INTO t_dic_value (id, type_code, type_value, "order", remark) VALUES (1, 'clueState', '虚假线索', 4, null);
INSERT INTO t_dic_value (id, type_code, type_value, "order", remark) VALUES (2, 'source', '知乎', 8, null);
INSERT INTO t_dic_value (id, type_code, type_value, "order", remark) VALUES (3, 'source', '车展会', 11, null);
INSERT INTO t_dic_value (id, type_code, type_value, "order", remark) VALUES (4, 'returnPriority', '最高', 2, null);
INSERT INTO t_dic_value (id, type_code, type_value, "order", remark) VALUES (5, 'appellation', '教授', 5, null);
INSERT INTO t_dic_value (id, type_code, type_value, "order", remark) VALUES (6, 'clueState', '将来联系', 2, null);
INSERT INTO t_dic_value (id, type_code, type_value, "order", remark) VALUES (7, 'clueState', '丢失线索', 5, null);
INSERT INTO t_dic_value (id, type_code, type_value, "order", remark) VALUES (8, 'returnState', '未启动', 1, null);
INSERT INTO t_dic_value (id, type_code, type_value, "order", remark) VALUES (10, 'clueState', '试图联系', 1, null);
INSERT INTO t_dic_value (id, type_code, type_value, "order", remark) VALUES (11, 'appellation', '博士', 4, null);
INSERT INTO t_dic_value (id, type_code, type_value, "order", remark) VALUES (12, 'stage', '01创建交易', 1, null);
INSERT INTO t_dic_value (id, type_code, type_value, "order", remark) VALUES (14, 'source', '汽车之家', 14, null);
INSERT INTO t_dic_value (id, type_code, type_value, "order", remark) VALUES (15, 'returnPriority', '低', 3, null);
INSERT INTO t_dic_value (id, type_code, type_value, "order", remark) VALUES (16, 'source', '网络广告', 1, null);
INSERT INTO t_dic_value (id, type_code, type_value, "order", remark) VALUES (17, 'source', '视频直播', 9, null);
INSERT INTO t_dic_value (id, type_code, type_value, "order", remark) VALUES (18, 'appellation', '先生', 1, null);
INSERT INTO t_dic_value (id, type_code, type_value, "order", remark) VALUES (19, 'returnPriority', '高', 1, null);
INSERT INTO t_dic_value (id, type_code, type_value, "order", remark) VALUES (20, 'appellation', '夫人', 2, null);
INSERT INTO t_dic_value (id, type_code, type_value, "order", remark) VALUES (21, 'stage', '06丢失关闭', 7, null);
INSERT INTO t_dic_value (id, type_code, type_value, "order", remark) VALUES (22, 'source', '地图', 13, null);
INSERT INTO t_dic_value (id, type_code, type_value, "order", remark) VALUES (23, 'source', '合作伙伴', 6, null);
INSERT INTO t_dic_value (id, type_code, type_value, "order", remark) VALUES (24, 'clueState', '未联系', 6, null);
INSERT INTO t_dic_value (id, type_code, type_value, "order", remark) VALUES (25, 'source', '朋友圈', 10, null);
INSERT INTO t_dic_value (id, type_code, type_value, "order", remark) VALUES (26, 'returnState', '进行中', 3, null);
INSERT INTO t_dic_value (id, type_code, type_value, "order", remark) VALUES (27, 'clueState', '已联系', 3, null);
INSERT INTO t_dic_value (id, type_code, type_value, "order", remark) VALUES (28, 'returnState', '推迟', 2, null);
INSERT INTO t_dic_value (id, type_code, type_value, "order", remark) VALUES (29, 'returnState', '完成', 4, null);
INSERT INTO t_dic_value (id, type_code, type_value, "order", remark) VALUES (30, 'clueState', '需要条件', 7, null);
INSERT INTO t_dic_value (id, type_code, type_value, "order", remark) VALUES (32, 'returnState', '等待某人', 5, null);
INSERT INTO t_dic_value (id, type_code, type_value, "order", remark) VALUES (33, 'source', '懂车帝', 2, null);
INSERT INTO t_dic_value (id, type_code, type_value, "order", remark) VALUES (34, 'returnPriority', '常规', 5, null);
INSERT INTO t_dic_value (id, type_code, type_value, "order", remark) VALUES (35, 'stage', '04产品检验', 5, null);
INSERT INTO t_dic_value (id, type_code, type_value, "order", remark) VALUES (36, 'source', '易车网', 12, null);
INSERT INTO t_dic_value (id, type_code, type_value, "order", remark) VALUES (37, 'stage', '02确认清单', 3, null);
INSERT INTO t_dic_value (id, type_code, type_value, "order", remark) VALUES (38, 'returnPriority', '最低', 4, null);
INSERT INTO t_dic_value (id, type_code, type_value, "order", remark) VALUES (39, 'source', '员工介绍', 3, null);
INSERT INTO t_dic_value (id, type_code, type_value, "order", remark) VALUES (40, 'stage', '03交付定金', 4, null);
INSERT INTO t_dic_value (id, type_code, type_value, "order", remark) VALUES (41, 'appellation', '女士', 3, null);
INSERT INTO t_dic_value (id, type_code, type_value, "order", remark) VALUES (42, 'stage', '05付款成交', 6, null);
INSERT INTO t_dic_value (id, type_code, type_value, "order", remark) VALUES (43, 'source', '官方网站', 5, null);
INSERT INTO t_dic_value (id, type_code, type_value, "order", remark) VALUES (44, 'source', '公众号', 7, null);
INSERT INTO t_dic_value (id, type_code, type_value, "order", remark) VALUES (45, 'source', '门店参观', 4, null);
INSERT INTO t_dic_value (id, type_code, type_value, "order", remark) VALUES (46, 'intentionState', '有意向', 1, null);
INSERT INTO t_dic_value (id, type_code, type_value, "order", remark) VALUES (47, 'intentionState', '无意向', 2, null);
INSERT INTO t_dic_value (id, type_code, type_value, "order", remark) VALUES (48, 'intentionState', '意向不明', 3, null);
INSERT INTO t_dic_value (id, type_code, type_value, "order", remark) VALUES (49, 'needLoan', '需要', 1, null);
INSERT INTO t_dic_value (id, type_code, type_value, "order", remark) VALUES (50, 'needLoan', '不需要', 2, null);
INSERT INTO t_dic_value (id, type_code, type_value, "order", remark) VALUES (51, 'sex', '男', 1, null);
INSERT INTO t_dic_value (id, type_code, type_value, "order", remark) VALUES (52, 'sex', '女', 2, null);
INSERT INTO t_dic_value (id, type_code, type_value, "order", remark) VALUES (53, 'educational', '小学', 1, null);
INSERT INTO t_dic_value (id, type_code, type_value, "order", remark) VALUES (54, 'educational', '初中', 2, null);
INSERT INTO t_dic_value (id, type_code, type_value, "order", remark) VALUES (55, 'educational', '高中', 3, null);
INSERT INTO t_dic_value (id, type_code, type_value, "order", remark) VALUES (56, 'educational', '大学', 4, null);
INSERT INTO t_dic_value (id, type_code, type_value, "order", remark) VALUES (57, 'educational', '研究生', 5, null);
INSERT INTO t_dic_value (id, type_code, type_value, "order", remark) VALUES (58, 'userState', '正常', 1, null);
INSERT INTO t_dic_value (id, type_code, type_value, "order", remark) VALUES (59, 'userState', '锁定', 2, null);
INSERT INTO t_dic_value (id, type_code, type_value, "order", remark) VALUES (60, 'userState', '禁用', 3, null);
INSERT INTO t_dic_value (id, type_code, type_value, "order", remark) VALUES (61, 'noteWay', '电话', 1, null);
INSERT INTO t_dic_value (id, type_code, type_value, "order", remark) VALUES (62, 'noteWay', '微信', 2, null);
INSERT INTO t_dic_value (id, type_code, type_value, "order", remark) VALUES (63, 'noteWay', 'QQ', 3, null);
INSERT INTO t_dic_value (id, type_code, type_value, "order", remark) VALUES (64, 'noteWay', '面聊', 4, null);
INSERT INTO t_dic_value (id, type_code, type_value, "order", remark) VALUES (65, 'noteWay', '其他', 5, null);

INSERT INTO t_activity (id, owner_id, name, start_time, end_time, cost, description, create_time, create_by, edit_time, edit_by) VALUES (1, 4, '百度推广', '2023-08-05 19:18:20.000000 +00:00', '2023-08-25 00:00:00.000000 +00:00', 1200000.00, '百度排名推广,活动非常非常贵,大家好好的做推广.由于推广活动的效果非常好,决定延期一个月.山东科技付货款打扫房间凯撒的补给卡时间跨度风寒咳嗽大部分就开吧打撒个发过火发给你厉害u7如果发生大叔大婶i我饿火绒额特容易骗人空调已汇入退役军人天涯茫然了啊浴室柜打不打卡是i速单号覅收到反馈上课的话费尽口舌大富科技是', '2024-06-25 10:33:33.000000 +00:00', 8, '2023-05-15 00:10:49.000000 +00:00', 12);
INSERT INTO t_activity (id, owner_id, name, start_time, end_time, cost, description, create_time, create_by, edit_time, edit_by) VALUES (2, 2, '充话费-送手机', '2023-10-28 17:48:49.000000 +00:00', '2023-10-30 17:48:54.000000 +00:00', 9000.00, '充话费,送手机,充满送Iphone14', '2023-03-28 17:49:28.000000 +00:00', 1, '2023-05-15 00:10:52.000000 +00:00', 1);
INSERT INTO t_activity (id, owner_id, name, start_time, end_time, cost, description, create_time, create_by, edit_time, edit_by) VALUES (7, 1, '抖音推广', '2023-12-01 12:03:09.000000 +00:00', '2023-12-30 12:03:09.000000 +00:00', 15800.00, '抖音直播推广活动1', null, 6, null, null);
INSERT INTO t_activity (id, owner_id, name, start_time, end_time, cost, description, create_time, create_by, edit_time, edit_by) VALUES (8, 1, '抖音推广', '2023-01-01 12:03:09.000000 +00:00', '2023-04-30 12:03:09.000000 +00:00', 15800.00, '抖音直播推广活动2', null, 7, '2023-04-28 14:28:53.000000 +00:00', null);
INSERT INTO t_activity (id, owner_id, name, start_time, end_time, cost, description, create_time, create_by, edit_time, edit_by) VALUES (10, 2, '11', '2023-01-11 00:30:58.000000 +00:00', '2023-04-30 00:31:00.000000 +00:00', 131.00, '12312312', null, null, '2023-04-28 13:33:56.000000 +00:00', null);
INSERT INTO t_activity (id, owner_id, name, start_time, end_time, cost, description, create_time, create_by, edit_time, edit_by) VALUES (11, 3, '1213', '2023-02-01 00:00:00.000000 +00:00', '2023-04-30 00:31:13.000000 +00:00', 123123.00, '23123123', null, null, null, null);
INSERT INTO t_activity (id, owner_id, name, start_time, end_time, cost, description, create_time, create_by, edit_time, edit_by) VALUES (12, 1, '抖音推广', '2023-12-01 12:03:09.000000 +00:00', '2023-12-11 12:03:09.000000 +00:00', 15800.00, '抖音直播推广活动1', null, null, null, null);
INSERT INTO t_activity (id, owner_id, name, start_time, end_time, cost, description, create_time, create_by, edit_time, edit_by) VALUES (13, 1, '抖音推广', '2023-01-01 12:03:09.000000 +00:00', '2023-04-01 12:03:09.000000 +00:00', 15800.00, '抖音直播推广活动2', null, null, '2023-04-28 13:27:43.000000 +00:00', null);
INSERT INTO t_activity (id, owner_id, name, start_time, end_time, cost, description, create_time, create_by, edit_time, edit_by) VALUES (14, 1, '抖音推广', '2023-11-01 12:03:09.000000 +00:00', '2023-12-01 12:03:09.000000 +00:00', 15800.00, '抖音直播推广活动1', null, null, null, null);
INSERT INTO t_activity (id, owner_id, name, start_time, end_time, cost, description, create_time, create_by, edit_time, edit_by) VALUES (15, 1, '抖音推广', '2023-03-01 12:03:09.000000 +00:00', '2023-04-01 12:03:09.000000 +00:00', 15800.00, '抖音直播推广活动11111', null, null, '2023-04-26 17:09:49.000000 +00:00', null);
INSERT INTO t_activity (id, owner_id, name, start_time, end_time, cost, description, create_time, create_by, edit_time, edit_by) VALUES (16, 1, '抖音推广', '2023-03-01 12:03:09.000000 +00:00', '2023-04-01 12:03:09.000000 +00:00', 15800.00, '抖音直播推广活动1', null, null, null, null);
INSERT INTO t_activity (id, owner_id, name, start_time, end_time, cost, description, create_time, create_by, edit_time, edit_by) VALUES (17, 1, '抖音推广', '2023-03-01 12:03:09.000000 +00:00', '2023-04-01 12:03:09.000000 +00:00', 15800.00, '抖音直播推广活动2', null, null, null, null);
INSERT INTO t_activity (id, owner_id, name, start_time, end_time, cost, description, create_time, create_by, edit_time, edit_by) VALUES (18, 1, '抖音推广', '2023-04-01 12:03:09.000000 +00:00', '2023-04-01 12:03:09.000000 +00:00', 15800.00, '抖音直播推广活动1', null, null, null, null);
INSERT INTO t_activity (id, owner_id, name, start_time, end_time, cost, description, create_time, create_by, edit_time, edit_by) VALUES (19, 1, '抖音推广', '2023-09-01 12:03:09.000000 +00:00', '2023-09-01 12:03:09.000000 +00:00', 15800.00, '抖音直播推广活动2', null, null, null, null);
INSERT INTO t_activity (id, owner_id, name, start_time, end_time, cost, description, create_time, create_by, edit_time, edit_by) VALUES (20, 1, '抖音推广', '2023-09-01 12:03:09.000000 +00:00', '2023-09-01 12:03:09.000000 +00:00', 15800.00, '抖音直播推广活动1', null, null, null, null);
INSERT INTO t_activity (id, owner_id, name, start_time, end_time, cost, description, create_time, create_by, edit_time, edit_by) VALUES (21, 1, '抖音推广', '2023-04-01 12:03:09.000000 +00:00', '2023-04-01 12:03:09.000000 +00:00', 15800.00, '抖音直播推广活动2', null, null, null, null);
INSERT INTO t_activity (id, owner_id, name, start_time, end_time, cost, description, create_time, create_by, edit_time, edit_by) VALUES (22, 1, '抖音推广', '2024-02-01 10:03:09.000000 +00:00', '2024-09-09 12:03:09.000000 +00:00', 15800.00, '抖音直播推广活动1', null, null, null, null);
INSERT INTO t_activity (id, owner_id, name, start_time, end_time, cost, description, create_time, create_by, edit_time, edit_by) VALUES (23, 1, '抖音推广', '2024-02-01 10:03:09.000000 +00:00', '2024-09-11 12:03:09.000000 +00:00', 15800.00, '抖音直播推广活动2', null, null, null, null);
INSERT INTO t_activity (id, owner_id, name, start_time, end_time, cost, description, create_time, create_by, edit_time, edit_by) VALUES (24, 1, '抖音推广', '2024-01-07 10:03:09.000000 +00:00', '2024-09-27 12:03:09.000000 +00:00', 15800.00, '抖音直播推广活动1', null, null, null, null);
INSERT INTO t_activity (id, owner_id, name, start_time, end_time, cost, description, create_time, create_by, edit_time, edit_by) VALUES (25, 1, '抖音推广', '2024-02-01 12:03:09.000000 +00:00', '2024-09-01 12:03:09.000000 +00:00', 15800.00, '抖音直播推广活动2', null, null, null, null);
INSERT INTO t_activity (id, owner_id, name, start_time, end_time, cost, description, create_time, create_by, edit_time, edit_by) VALUES (26, 1, '抖音推广', '2024-02-01 12:03:09.000000 +00:00', '2024-09-01 12:03:09.000000 +00:00', 15800.00, '抖音直播推广活动1', null, null, null, null);
INSERT INTO t_activity (id, owner_id, name, start_time, end_time, cost, description, create_time, create_by, edit_time, edit_by) VALUES (27, 1, '抖音推广', '2024-02-01 12:03:09.000000 +00:00', '2024-09-01 12:03:09.000000 +00:00', 15800.00, '抖音直播推广活动2', null, null, null, null);
INSERT INTO t_activity (id, owner_id, name, start_time, end_time, cost, description, create_time, create_by, edit_time, edit_by) VALUES (28, 1, '抖音推广', '2024-02-01 12:03:09.000000 +00:00', '2024-09-01 12:03:09.000000 +00:00', 15800.00, '抖音直播推广活动1', null, null, null, null);
INSERT INTO t_activity (id, owner_id, name, start_time, end_time, cost, description, create_time, create_by, edit_time, edit_by) VALUES (29, 1, '抖音推广', '2024-02-01 12:03:09.000000 +00:00', '2024-09-01 12:03:09.000000 +00:00', 15800.00, '抖音直播推广活动2', null, null, null, null);
INSERT INTO t_activity (id, owner_id, name, start_time, end_time, cost, description, create_time, create_by, edit_time, edit_by) VALUES (40, 1, '抖音推广11', '2024-05-01 12:03:09.000000 +00:00', '2024-09-01 12:03:09.000000 +00:00', 15800.00, '抖音直播推广活动1', null, null, null, null);
INSERT INTO t_activity (id, owner_id, name, start_time, end_time, cost, description, create_time, create_by, edit_time, edit_by) VALUES (41, 1, '抖音推广11', '2024-05-01 12:03:09.000000 +00:00', '2024-09-01 12:03:09.000000 +00:00', 15800.00, '抖音直播推广活动2', null, null, null, null);
INSERT INTO t_activity (id, owner_id, name, start_time, end_time, cost, description, create_time, create_by, edit_time, edit_by) VALUES (42, 1, '抖音推广11', '2024-05-01 12:03:09.000000 +00:00', '2024-09-01 12:03:09.000000 +00:00', 15800.00, '抖音直播推广活动1', null, null, null, null);
INSERT INTO t_activity (id, owner_id, name, start_time, end_time, cost, description, create_time, create_by, edit_time, edit_by) VALUES (43, 1, '抖音推广11', '2024-05-01 12:03:09.000000 +00:00', '2024-09-01 12:03:09.000000 +00:00', 15800.00, '抖音直播推广活动2', null, null, null, null);
INSERT INTO t_activity (id, owner_id, name, start_time, end_time, cost, description, create_time, create_by, edit_time, edit_by) VALUES (44, 1, '抖音推广11', '2024-06-01 12:03:09.000000 +00:00', '2024-09-01 12:03:09.000000 +00:00', 15800.00, '抖音直播推广活动1', null, null, null, null);
INSERT INTO t_activity (id, owner_id, name, start_time, end_time, cost, description, create_time, create_by, edit_time, edit_by) VALUES (45, 1, '抖音推广11', '2024-06-01 12:03:09.000000 +00:00', '2024-09-15 12:03:09.000000 +00:00', 15800.00, '抖音直播推广活动2', null, null, null, null);
INSERT INTO t_activity (id, owner_id, name, start_time, end_time, cost, description, create_time, create_by, edit_time, edit_by) VALUES (46, 3, '抖音短视频广告', '2024-07-05 00:00:00.000000 +00:00', '2024-11-30 00:00:00.000000 +00:00', 5000.00, '抖音短视频广告，宣传产品', null, null, null, null);
INSERT INTO t_activity (id, owner_id, name, start_time, end_time, cost, description, create_time, create_by, edit_time, edit_by) VALUES (47, 3, '我去恶趣味', '2024-07-15 16:51:40.000000 +00:00', '2024-11-30 16:51:42.000000 +00:00', 231231.00, '色达所大所大所多', '2024-06-25 09:19:14.000000 +00:00', null, '2024-06-25 16:59:31.000000 +00:00', 1);
INSERT INTO t_activity (id, owner_id, name, start_time, end_time, cost, description, create_time, create_by, edit_time, edit_by) VALUES (48, 7, '可视角度焚枯食淡粉红色', '2024-11-01 00:44:19.000000 +00:00', '2024-12-30 00:44:19.000000 +00:00', 185323.00, '第三方水电费水电费水电费是非得失', '2024-06-25 22:27:15.000000 +00:00', null, '2024-06-25 17:00:02.000000 +00:00', 1);
INSERT INTO t_activity (id, owner_id, name, start_time, end_time, cost, description, create_time, create_by, edit_time, edit_by) VALUES (49, 1, '抖音推广11', '2024-12-01 12:03:09.000000 +00:00', '2024-12-12 12:03:09.000000 +00:00', 15800.00, '抖音直播推广活动1', '2024-06-25 09:19:23.000000 +00:00', null, null, null);
INSERT INTO t_activity (id, owner_id, name, start_time, end_time, cost, description, create_time, create_by, edit_time, edit_by) VALUES (50, 2, '手动滑稽腹背受敌', '2024-06-25 16:58:52.000000 +00:00', '2024-06-29 00:00:00.000000 +00:00', 1280000.00, '第三方水电费水电费', '2024-06-25 16:12:00.000000 +00:00', 1, '2024-06-25 16:58:55.000000 +00:00', 1);

INSERT INTO t_activity_remark (id, activity_id, note_content, create_time, create_by, edit_time, edit_by, deleted) VALUES (1, 46, '1111111111111', '2023-05-17 14:07:48.000000 +00:00', 1, null, null, null);
INSERT INTO t_activity_remark (id, activity_id, note_content, create_time, create_by, edit_time, edit_by, deleted) VALUES (2, 1, '市场活动效果需要进一步改进。', '2023-05-17 14:25:30.000000 +00:00', 1, '2024-06-25 14:44:01.000000 +00:00', 1, 1);
INSERT INTO t_activity_remark (id, activity_id, note_content, create_time, create_by, edit_time, edit_by, deleted) VALUES (3, 2, '1231231', '2023-06-07 23:08:32.000000 +00:00', 1, null, null, null);
INSERT INTO t_activity_remark (id, activity_id, note_content, create_time, create_by, edit_time, edit_by, deleted) VALUES (4, 2, '23123', '2023-06-07 23:08:57.000000 +00:00', 1, null, null, null);
INSERT INTO t_activity_remark (id, activity_id, note_content, create_time, create_by, edit_time, edit_by, deleted) VALUES (5, 10, '恶趣味群二无群二群无', '2023-06-07 23:10:20.000000 +00:00', 1, null, null, null);
INSERT INTO t_activity_remark (id, activity_id, note_content, create_time, create_by, edit_time, edit_by, deleted) VALUES (6, 1, '上帝粉红色的匡扶汉室登记卡放哪的桑拿房科技大收纳发卡机打撒', '2023-08-04 22:30:47.000000 +00:00', 1, '2024-06-25 14:43:51.000000 +00:00', 1, null);
INSERT INTO t_activity_remark (id, activity_id, note_content, create_time, create_by, edit_time, edit_by, deleted) VALUES (7, 1, '啥地方跟你说快递费牛会计三大步伐年卡大撒把饭卡大撒把开发受打击开发你受打击考拉放哪受打击可燃放哪凯撒', '2024-06-25 11:11:00.000000 +00:00', 1, '2024-06-25 14:44:53.000000 +00:00', 1, null);
INSERT INTO t_activity_remark (id, activity_id, note_content, create_time, create_by, edit_time, edit_by, deleted) VALUES (8, 1, '首付款是的呢防溺水迪菲娜手打 ', '2024-06-25 11:11:30.000000 +00:00', 1, '2024-06-25 14:44:49.000000 +00:00', 1, null);
INSERT INTO t_activity_remark (id, activity_id, note_content, create_time, create_by, edit_time, edit_by, deleted) VALUES (9, 1, '活动效果还可以，每天可以拿到2000个真实的意向客户的手机号，但是后续电话联系的时候，大部分电话不接听，联系不上。', '2024-06-25 11:13:30.000000 +00:00', 1, null, null, null);
INSERT INTO t_activity_remark (id, activity_id, note_content, create_time, create_by, edit_time, edit_by, deleted) VALUES (10, 1, '附件看过的发给你了地方你噶漏打卡个', '2024-06-25 11:40:11.000000 +00:00', 1, null, null, null);
INSERT INTO t_activity_remark (id, activity_id, note_content, create_time, create_by, edit_time, edit_by, deleted) VALUES (11, 1, '隧道粉红色款到发货', '2024-06-25 12:01:09.000000 +00:00', 1, null, null, null);
INSERT INTO t_activity_remark (id, activity_id, note_content, create_time, create_by, edit_time, edit_by, deleted) VALUES (12, 1, '冻死佛山分你收到了菲尼萨打卡漏发了双打卡发撒。', '2024-06-25 12:01:21.000000 +00:00', 1, '2024-06-25 14:44:14.000000 +00:00', 1, null);
INSERT INTO t_activity_remark (id, activity_id, note_content, create_time, create_by, edit_time, edit_by, deleted) VALUES (13, 1, '咨询费重振雄风产生的', '2024-06-25 12:01:39.000000 +00:00', 1, null, null, null);
INSERT INTO t_activity_remark (id, activity_id, note_content, create_time, create_by, edit_time, edit_by, deleted) VALUES (14, 1, '水电费水电费是的', '2024-06-25 12:01:41.000000 +00:00', 1, null, null, null);
INSERT INTO t_activity_remark (id, activity_id, note_content, create_time, create_by, edit_time, edit_by, deleted) VALUES (15, 1, '水电费水电费是的', '2024-06-25 12:01:43.000000 +00:00', 1, null, null, null);
INSERT INTO t_activity_remark (id, activity_id, note_content, create_time, create_by, edit_time, edit_by, deleted) VALUES (16, 1, '水电费水电费', '2024-06-25 12:01:44.000000 +00:00', 1, '2024-06-25 14:44:25.000000 +00:00', 1, 1);
INSERT INTO t_activity_remark (id, activity_id, note_content, create_time, create_by, edit_time, edit_by, deleted) VALUES (17, 1, '水电费水电费是的', '2024-06-25 12:01:46.000000 +00:00', 1, null, null, null);
INSERT INTO t_activity_remark (id, activity_id, note_content, create_time, create_by, edit_time, edit_by, deleted) VALUES (18, 1, '收到放虎归山东方红郡双打卡饭卡打撒', '2024-06-25 12:12:07.000000 +00:00', 1, null, null, null);
INSERT INTO t_activity_remark (id, activity_id, note_content, create_time, create_by, edit_time, edit_by, deleted) VALUES (19, 1, 'USD会阿迪斯', '2024-06-25 14:45:37.000000 +00:00', 1, null, null, 1);
INSERT INTO t_activity_remark (id, activity_id, note_content, create_time, create_by, edit_time, edit_by, deleted) VALUES (20, 1, '瓦尔特瑞特热二位大范甘迪公对公', '2024-06-25 15:01:27.000000 +00:00', 1, '2024-06-25 15:01:35.000000 +00:00', 1, 1);
INSERT INTO t_activity_remark (id, activity_id, note_content, create_time, create_by, edit_time, edit_by, deleted) VALUES (21, 48, '二哥让他人', '2024-06-25 16:59:50.000000 +00:00', 1, null, null, null);
INSERT INTO t_activity_remark (id, activity_id, note_content, create_time, create_by, edit_time, edit_by, deleted) VALUES (22, 48, '如图和液体与东风股份大概', '2024-06-25 16:59:54.000000 +00:00', 1, '2024-06-25 17:00:08.000000 +00:00', 1, 1);

INSERT INTO t_clue (id, owner_id, activity_id, full_name, appellation, phone, weixin, qq, email, age, job, year_income, address, need_loan, intention_state, intention_product, state, source, description, next_contact_time, create_time, create_by, edit_time, edit_by) VALUES (1, 1, 46, '王杰', 18, '13700000000', '13700000000', '13700000000', 'wangjie@163.com', 32, '工程师', 10.00, '北京亦庄', 50, 46, 5, 24, 3, '近期在看车', '2023-04-27 10:33:47.000000 +00:00', '2023-07-17 15:17:52.000000 +00:00', null, '2023-12-18 18:56:18.000000 +00:00', 1);
INSERT INTO t_clue (id, owner_id, activity_id, full_name, appellation, phone, weixin, qq, email, age, job, year_income, address, need_loan, intention_state, intention_product, state, source, description, next_contact_time, create_time, create_by, edit_time, edit_by) VALUES (2, 1, 47, '张峰', 41, '13700000001', '13700000001', null, null, 28, null, 8.00, '河北廊坊', 50, 47, 8, -1, 33, '通过打电话获取的线索', '2023-04-30 10:33:51.000000 +00:00', '2023-06-10 01:01:13.000000 +00:00', null, null, null);
INSERT INTO t_clue (id, owner_id, activity_id, full_name, appellation, phone, weixin, qq, email, age, job, year_income, address, need_loan, intention_state, intention_product, state, source, description, next_contact_time, create_time, create_by, edit_time, edit_by) VALUES (3, 2, 7, '张翔', 18, '13876903226', '13876903226', '123456', null, 26, null, 9.00, '天津和平', 50, 48, 10, 30, 44, '有购车意向，需要跟踪', '2023-04-15 00:00:00.000000 +00:00', '2023-06-10 01:01:17.000000 +00:00', null, null, null);
INSERT INTO t_clue (id, owner_id, activity_id, full_name, appellation, phone, weixin, qq, email, age, job, year_income, address, need_loan, intention_state, intention_product, state, source, description, next_contact_time, create_time, create_by, edit_time, edit_by) VALUES (4, 1, 46, '王杰', 18, '13700000000', '13700000000', '13700000000', 'wangjie@163.com', 32, '工程师', 10.00, '北京亦庄', 50, 46, 5, 24, 3, '近期在看车', '2023-04-27 10:33:47.000000 +00:00', '2023-04-12 15:17:52.000000 +00:00', null, null, null);
INSERT INTO t_clue (id, owner_id, activity_id, full_name, appellation, phone, weixin, qq, email, age, job, year_income, address, need_loan, intention_state, intention_product, state, source, description, next_contact_time, create_time, create_by, edit_time, edit_by) VALUES (5, 1, 47, '张峰', 41, '13700000001', '13700000001', null, null, 28, null, 8.00, '河北廊坊', 50, 47, 8, -1, 33, '通过打电话获取的线索', '2023-04-30 10:33:51.000000 +00:00', '2023-06-10 01:01:19.000000 +00:00', null, null, null);
INSERT INTO t_clue (id, owner_id, activity_id, full_name, appellation, phone, weixin, qq, email, age, job, year_income, address, need_loan, intention_state, intention_product, state, source, description, next_contact_time, create_time, create_by, edit_time, edit_by) VALUES (6, 2, 7, '张翔', 18, '13876903226', '13876903226', null, null, 26, null, 9.00, '天津和平', 49, 48, 10, 30, 44, '有购车意向，需要跟踪', '2023-04-15 00:00:00.000000 +00:00', '2023-06-10 01:01:23.000000 +00:00', null, null, null);
INSERT INTO t_clue (id, owner_id, activity_id, full_name, appellation, phone, weixin, qq, email, age, job, year_income, address, need_loan, intention_state, intention_product, state, source, description, next_contact_time, create_time, create_by, edit_time, edit_by) VALUES (7, 1, 46, '王杰', 18, '13700000000', '13700000000', '13700000000', 'wangjie@163.com', 32, '工程师', 10.00, '北京亦庄', 49, 46, 5, 24, 3, '近期在看车', '2023-04-27 10:33:47.000000 +00:00', '2023-04-12 15:17:52.000000 +00:00', null, null, null);
INSERT INTO t_clue (id, owner_id, activity_id, full_name, appellation, phone, weixin, qq, email, age, job, year_income, address, need_loan, intention_state, intention_product, state, source, description, next_contact_time, create_time, create_by, edit_time, edit_by) VALUES (8, 1, 47, '张峰', 41, '13700000001', '13700000001', null, null, 28, null, 8.00, '河北廊坊', 49, 47, 8, 24, 33, '通过打电话获取的线索', '2023-04-30 10:33:51.000000 +00:00', '2023-06-10 01:01:25.000000 +00:00', null, null, null);
INSERT INTO t_clue (id, owner_id, activity_id, full_name, appellation, phone, weixin, qq, email, age, job, year_income, address, need_loan, intention_state, intention_product, state, source, description, next_contact_time, create_time, create_by, edit_time, edit_by) VALUES (9, 2, 7, '张翔', 18, '13876903226', '13876903226', null, null, 26, null, 9.00, '天津和平', 49, 48, 10, 30, 44, '有购车意向，需要跟踪', '2023-04-28 13:24:10.000000 +00:00', '2023-06-10 01:01:28.000000 +00:00', null, null, null);
INSERT INTO t_clue (id, owner_id, activity_id, full_name, appellation, phone, weixin, qq, email, age, job, year_income, address, need_loan, intention_state, intention_product, state, source, description, next_contact_time, create_time, create_by, edit_time, edit_by) VALUES (10, 1, 46, '王杰89890890', 18, '13700000000', '13700000000', '13700000000', 'wangjie@163.com', 32, '', 10.00, '北京亦庄', 49, 46, 5, -1, 3, '近期在看车', '2023-04-27 10:33:47.000000 +00:00', '2023-04-12 15:17:52.000000 +00:00', null, null, null);
INSERT INTO t_clue (id, owner_id, activity_id, full_name, appellation, phone, weixin, qq, email, age, job, year_income, address, need_loan, intention_state, intention_product, state, source, description, next_contact_time, create_time, create_by, edit_time, edit_by) VALUES (11, 1, 47, '张峰', 41, '13700000001', '13700000001', null, null, 28, null, 8.00, '河北廊坊', 49, 47, 8, 24, 33, '通过打电话获取的线索', '2023-04-30 10:33:51.000000 +00:00', '2023-06-10 01:01:30.000000 +00:00', null, null, null);
INSERT INTO t_clue (id, owner_id, activity_id, full_name, appellation, phone, weixin, qq, email, age, job, year_income, address, need_loan, intention_state, intention_product, state, source, description, next_contact_time, create_time, create_by, edit_time, edit_by) VALUES (12, 2, 7, '张翔', 18, '13876903226', '13876903226', null, null, 26, null, 9.00, '天津和平', 49, 48, 10, 30, 44, '有购车意向，需要跟踪', '2023-04-15 00:00:00.000000 +00:00', '2023-06-10 01:01:33.000000 +00:00', null, null, null);
INSERT INTO t_clue (id, owner_id, activity_id, full_name, appellation, phone, weixin, qq, email, age, job, year_income, address, need_loan, intention_state, intention_product, state, source, description, next_contact_time, create_time, create_by, edit_time, edit_by) VALUES (13, 1, 46, '王杰', 18, '13700000000', '13700000000', '13700000000', 'wangjie@163.com', 32, '工程师', 10.00, '北京亦庄', 49, 46, 5, -1, 3, '近期在看车', '2023-04-27 10:33:47.000000 +00:00', '2023-04-12 15:17:52.000000 +00:00', null, null, null);
INSERT INTO t_clue (id, owner_id, activity_id, full_name, appellation, phone, weixin, qq, email, age, job, year_income, address, need_loan, intention_state, intention_product, state, source, description, next_contact_time, create_time, create_by, edit_time, edit_by) VALUES (14, 1, 47, '张峰', 41, '13700000001', '13700000001', null, null, 28, null, 8.00, '河北廊坊', 49, 47, 8, -1, 33, '通过打电话获取的线索', '2023-04-30 10:33:51.000000 +00:00', '2023-06-10 01:01:36.000000 +00:00', null, null, null);
INSERT INTO t_clue (id, owner_id, activity_id, full_name, appellation, phone, weixin, qq, email, age, job, year_income, address, need_loan, intention_state, intention_product, state, source, description, next_contact_time, create_time, create_by, edit_time, edit_by) VALUES (15, 2, 7, '张翔', 18, '13876903226', '13876903226', null, null, 26, null, 9.00, '天津和平', 49, 48, 10, 30, 44, '有购车意向，需要跟踪', '2023-04-15 00:00:00.000000 +00:00', '2023-06-10 01:01:38.000000 +00:00', null, null, null);
INSERT INTO t_clue (id, owner_id, activity_id, full_name, appellation, phone, weixin, qq, email, age, job, year_income, address, need_loan, intention_state, intention_product, state, source, description, next_contact_time, create_time, create_by, edit_time, edit_by) VALUES (16, 1, 46, '王杰', 18, '13700000000', '13700000000', '13700000000', 'wangjie@163.com', 32, '工程师', 10.00, '北京亦庄', 49, 46, 5, 24, 3, '近期在看车', '2023-04-27 10:33:47.000000 +00:00', '2023-04-12 15:17:52.000000 +00:00', null, null, null);
INSERT INTO t_clue (id, owner_id, activity_id, full_name, appellation, phone, weixin, qq, email, age, job, year_income, address, need_loan, intention_state, intention_product, state, source, description, next_contact_time, create_time, create_by, edit_time, edit_by) VALUES (17, 1, 47, '张峰', 41, '13700000001', '13700000001', null, null, 28, null, 8.00, '河北廊坊', 49, 47, 8, -1, 33, '通过打电话获取的线索', '2023-04-30 10:33:51.000000 +00:00', '2023-06-10 01:01:41.000000 +00:00', null, null, null);
INSERT INTO t_clue (id, owner_id, activity_id, full_name, appellation, phone, weixin, qq, email, age, job, year_income, address, need_loan, intention_state, intention_product, state, source, description, next_contact_time, create_time, create_by, edit_time, edit_by) VALUES (18, 2, 7, '张翔', 18, '13876903226', '13876903226', null, null, 26, null, 9.00, '天津和平', 49, 48, 10, 30, 44, '有购车意向，需要跟踪', '2023-04-15 00:00:00.000000 +00:00', '2023-06-10 01:01:44.000000 +00:00', null, null, null);
INSERT INTO t_clue (id, owner_id, activity_id, full_name, appellation, phone, weixin, qq, email, age, job, year_income, address, need_loan, intention_state, intention_product, state, source, description, next_contact_time, create_time, create_by, edit_time, edit_by) VALUES (19, 1, 46, '王杰', 18, '13700000000', '13700000000', '13700000000', 'wangjie@163.com', 32, '工程师', 10.00, '北京亦庄', 49, 46, 5, -1, 3, '近期在看车', '2023-04-27 10:33:47.000000 +00:00', '2023-06-12 15:17:52.000000 +00:00', null, null, null);
INSERT INTO t_clue (id, owner_id, activity_id, full_name, appellation, phone, weixin, qq, email, age, job, year_income, address, need_loan, intention_state, intention_product, state, source, description, next_contact_time, create_time, create_by, edit_time, edit_by) VALUES (20, 1, 47, '张峰', 41, '13700000001', '13700000001', null, null, 28, null, 8.00, '河北廊坊', 49, 47, 8, 24, 33, '通过打电话获取的线索', '2023-04-30 10:33:51.000000 +00:00', '2023-06-10 01:01:46.000000 +00:00', null, null, null);
INSERT INTO t_clue (id, owner_id, activity_id, full_name, appellation, phone, weixin, qq, email, age, job, year_income, address, need_loan, intention_state, intention_product, state, source, description, next_contact_time, create_time, create_by, edit_time, edit_by) VALUES (21, 2, 7, '张翔', 18, '13876903226', '13876903226', null, null, 26, null, 9.00, '天津和平', 49, 48, 10, 30, 44, '有购车意向，需要跟踪', '2023-04-15 00:00:00.000000 +00:00', '2023-06-10 01:01:46.000000 +00:00', null, null, null);
INSERT INTO t_clue (id, owner_id, activity_id, full_name, appellation, phone, weixin, qq, email, age, job, year_income, address, need_loan, intention_state, intention_product, state, source, description, next_contact_time, create_time, create_by, edit_time, edit_by) VALUES (22, 1, 46, '王杰', 18, '13700000000', '13700000000', '13700000000', 'wangjie@163.com', 32, '工程师', 10.00, '北京亦庄', 49, 46, 5, 24, 3, '近期在看车', '2023-04-27 10:33:47.000000 +00:00', '2023-04-12 15:17:52.000000 +00:00', null, null, null);
INSERT INTO t_clue (id, owner_id, activity_id, full_name, appellation, phone, weixin, qq, email, age, job, year_income, address, need_loan, intention_state, intention_product, state, source, description, next_contact_time, create_time, create_by, edit_time, edit_by) VALUES (23, 1, 47, '张峰', 41, '13700000001', '13700000001', null, null, 28, null, 8.00, '河北廊坊', 49, 47, 8, -1, 33, '通过打电话获取的线索', '2023-04-30 10:33:51.000000 +00:00', '2023-06-10 01:01:46.000000 +00:00', null, null, null);
INSERT INTO t_clue (id, owner_id, activity_id, full_name, appellation, phone, weixin, qq, email, age, job, year_income, address, need_loan, intention_state, intention_product, state, source, description, next_contact_time, create_time, create_by, edit_time, edit_by) VALUES (24, 2, 7, '张翔', 18, '13876903226', '13876903226', null, null, 26, null, 9.00, '天津和平', 49, 48, 10, 30, 44, '有购车意向，需要跟踪', '2023-04-15 00:00:00.000000 +00:00', '2023-06-10 01:01:46.000000 +00:00', null, null, null);
INSERT INTO t_clue (id, owner_id, activity_id, full_name, appellation, phone, weixin, qq, email, age, job, year_income, address, need_loan, intention_state, intention_product, state, source, description, next_contact_time, create_time, create_by, edit_time, edit_by) VALUES (25, 1, 46, '王杰', 18, '13700000000', '13700000000', '13700000000', 'wangjie@163.com', 32, '工程师', 10.00, '北京亦庄', 49, 46, 5, 24, 3, '近期在看车', '2023-04-27 10:33:47.000000 +00:00', '2023-04-12 15:17:52.000000 +00:00', null, null, null);
INSERT INTO t_clue (id, owner_id, activity_id, full_name, appellation, phone, weixin, qq, email, age, job, year_income, address, need_loan, intention_state, intention_product, state, source, description, next_contact_time, create_time, create_by, edit_time, edit_by) VALUES (26, 1, 47, '张峰', 41, '13700000001', '13700000001', null, null, 28, null, 8.00, '河北廊坊', 49, 47, 8, 24, 33, '通过打电话获取的线索', '2023-04-30 10:33:51.000000 +00:00', '2023-06-10 01:01:46.000000 +00:00', null, null, null);
INSERT INTO t_clue (id, owner_id, activity_id, full_name, appellation, phone, weixin, qq, email, age, job, year_income, address, need_loan, intention_state, intention_product, state, source, description, next_contact_time, create_time, create_by, edit_time, edit_by) VALUES (27, 2, 7, '张翔', 18, '13876903226', '13876903226', null, null, 26, null, 9.00, '天津和平', 49, 48, 10, 30, 44, '有购车意向，需要跟踪', '2023-04-15 00:00:00.000000 +00:00', '2023-06-10 01:01:46.000000 +00:00', null, null, null);
INSERT INTO t_clue (id, owner_id, activity_id, full_name, appellation, phone, weixin, qq, email, age, job, year_income, address, need_loan, intention_state, intention_product, state, source, description, next_contact_time, create_time, create_by, edit_time, edit_by) VALUES (28, 1, 46, '王杰', 18, '13700000000', '13700000000', '13700000000', 'wangjie@163.com', 32, '工程师', 10.00, '北京亦庄', 49, 46, 5, 24, 3, '近期在看车', '2023-04-27 10:33:47.000000 +00:00', '2023-06-12 15:17:52.000000 +00:00', null, null, null);
INSERT INTO t_clue (id, owner_id, activity_id, full_name, appellation, phone, weixin, qq, email, age, job, year_income, address, need_loan, intention_state, intention_product, state, source, description, next_contact_time, create_time, create_by, edit_time, edit_by) VALUES (29, 1, 47, '张峰', 41, '13700000001', '13700000001', null, null, 28, null, 8.00, '河北廊坊', 49, 47, 8, 24, 33, '通过打电话获取的线索', '2023-04-30 10:33:51.000000 +00:00', '2023-06-10 01:01:46.000000 +00:00', null, null, null);
INSERT INTO t_clue (id, owner_id, activity_id, full_name, appellation, phone, weixin, qq, email, age, job, year_income, address, need_loan, intention_state, intention_product, state, source, description, next_contact_time, create_time, create_by, edit_time, edit_by) VALUES (31, 3, 2, '213213', 20, '12312312', '12312312', '2312312', '12312312', 12, '341231', 2131231.00, '12312312', 50, 46, 7, 24, 44, 'asfeefsdewrewr', '2023-04-27 16:48:30.000000 +00:00', '2023-06-10 01:01:46.000000 +00:00', null, null, null);
INSERT INTO t_clue (id, owner_id, activity_id, full_name, appellation, phone, weixin, qq, email, age, job, year_income, address, need_loan, intention_state, intention_product, state, source, description, next_contact_time, create_time, create_by, edit_time, edit_by) VALUES (1109, 1, 46, '王杰', 18, '13700000000', '13700000000', '230989432', 'wangjie@163.com', 32, '工程师', 10.00, '北京亦庄', null, null, null, null, 14, '近期在看车', '2023-11-27 20:33:25.000000 +00:00', null, null, null, null);
INSERT INTO t_clue (id, owner_id, activity_id, full_name, appellation, phone, weixin, qq, email, age, job, year_income, address, need_loan, intention_state, intention_product, state, source, description, next_contact_time, create_time, create_by, edit_time, edit_by) VALUES (1110, 1, 47, '张怡然', 41, '13700000001', '13700000001', null, null, 28, null, 8.00, '河北廊坊', null, null, null, null, 3, '通过打电话获取的线索', '2023-11-30 10:33:51.000000 +00:00', null, null, null, null);
INSERT INTO t_clue (id, owner_id, activity_id, full_name, appellation, phone, weixin, qq, email, age, job, year_income, address, need_loan, intention_state, intention_product, state, source, description, next_contact_time, create_time, create_by, edit_time, edit_by) VALUES (1111, 2, 7, '张翔宇', 18, '13876903226', '13876903226', '1298094321', null, 26, null, 9.00, '天津和平', null, null, null, null, 16, '有购车意向，需要跟踪', '2023-11-15 10:30:00.000000 +00:00', null, null, null, null);
INSERT INTO t_clue (id, owner_id, activity_id, full_name, appellation, phone, weixin, qq, email, age, job, year_income, address, need_loan, intention_state, intention_product, state, source, description, next_contact_time, create_time, create_by, edit_time, edit_by) VALUES (1112, 1, 46, '王世坤', 18, '13700000000', '13700000000', '209836613', 'wangjie@163.com', 32, '工程师', 10.00, '北京亦庄', null, null, null, null, 17, '近期在看车', '2023-12-27 09:20:21.000000 +00:00', null, null, null, null);
INSERT INTO t_clue (id, owner_id, activity_id, full_name, appellation, phone, weixin, qq, email, age, job, year_income, address, need_loan, intention_state, intention_product, state, source, description, next_contact_time, create_time, create_by, edit_time, edit_by) VALUES (1113, 1, 47, '张珊珊', 41, '13700000001', '13700000001', null, null, 28, null, 8.00, '河北廊坊', null, null, null, null, 2, '通过打电话获取的线索', '2023-11-30 13:33:51.000000 +00:00', null, null, null, null);
INSERT INTO t_clue (id, owner_id, activity_id, full_name, appellation, phone, weixin, qq, email, age, job, year_income, address, need_loan, intention_state, intention_product, state, source, description, next_contact_time, create_time, create_by, edit_time, edit_by) VALUES (1114, 1, 46, '王杰', 18, '13700000000', '13700000000', '230989432', 'wangjie@163.com', 32, '工程师', 10.00, '北京亦庄', null, null, null, null, 22, '近期在看车', '2023-11-27 20:33:25.000000 +00:00', null, null, null, null);
INSERT INTO t_clue (id, owner_id, activity_id, full_name, appellation, phone, weixin, qq, email, age, job, year_income, address, need_loan, intention_state, intention_product, state, source, description, next_contact_time, create_time, create_by, edit_time, edit_by) VALUES (1115, 1, 47, '张怡然', 41, '13700000001', '13700000001', null, null, 28, null, 8.00, '河北廊坊', null, null, null, null, 39, '通过打电话获取的线索', '2023-11-30 10:33:51.000000 +00:00', null, null, null, null);
INSERT INTO t_clue (id, owner_id, activity_id, full_name, appellation, phone, weixin, qq, email, age, job, year_income, address, need_loan, intention_state, intention_product, state, source, description, next_contact_time, create_time, create_by, edit_time, edit_by) VALUES (1116, 2, 7, '张翔宇', 18, '13876903226', '13876903226', '1298094321', null, 26, null, 9.00, '天津和平', null, null, null, null, 33, '有购车意向，需要跟踪', '2023-11-15 10:30:00.000000 +00:00', null, null, null, null);
INSERT INTO t_clue (id, owner_id, activity_id, full_name, appellation, phone, weixin, qq, email, age, job, year_income, address, need_loan, intention_state, intention_product, state, source, description, next_contact_time, create_time, create_by, edit_time, edit_by) VALUES (1117, 1, 46, '王世坤', 18, '13700000000', '13700000000', '209836613', 'wangjie@163.com', 32, '工程师', 10.00, '北京亦庄', null, null, null, null, 36, '近期在看车', '2023-12-27 09:20:21.000000 +00:00', null, null, null, null);
INSERT INTO t_clue (id, owner_id, activity_id, full_name, appellation, phone, weixin, qq, email, age, job, year_income, address, need_loan, intention_state, intention_product, state, source, description, next_contact_time, create_time, create_by, edit_time, edit_by) VALUES (1118, 1, 47, '张珊珊', 41, '13700000001', '13700000001', null, null, 28, null, 8.00, '河北廊坊', null, null, null, null, 23, '通过打电话获取的线索', '2023-11-30 13:33:51.000000 +00:00', null, null, null, null);
INSERT INTO t_clue (id, owner_id, activity_id, full_name, appellation, phone, weixin, qq, email, age, job, year_income, address, need_loan, intention_state, intention_product, state, source, description, next_contact_time, create_time, create_by, edit_time, edit_by) VALUES (1119, 1, 46, '王杰', 18, '13700000000', '13700000000', '230989432', 'wangjie@163.com', 32, '工程师', 10.00, '北京亦庄', null, null, null, null, 43, '近期在看车', '2023-11-27 20:33:25.000000 +00:00', null, null, null, null);
INSERT INTO t_clue (id, owner_id, activity_id, full_name, appellation, phone, weixin, qq, email, age, job, year_income, address, need_loan, intention_state, intention_product, state, source, description, next_contact_time, create_time, create_by, edit_time, edit_by) VALUES (1120, 1, 47, '张怡然', 41, '13700000001', '13700000001', null, null, 28, null, 8.00, '河北廊坊', null, null, null, null, 44, '通过打电话获取的线索', '2023-11-30 10:33:51.000000 +00:00', null, null, null, null);
INSERT INTO t_clue (id, owner_id, activity_id, full_name, appellation, phone, weixin, qq, email, age, job, year_income, address, need_loan, intention_state, intention_product, state, source, description, next_contact_time, create_time, create_by, edit_time, edit_by) VALUES (1121, 2, 7, '张翔宇', 18, '13876903226', '13876903226', '1298094321', null, 26, null, 9.00, '天津和平', null, null, null, null, 45, '有购车意向，需要跟踪', '2023-11-15 10:30:00.000000 +00:00', null, null, null, null);
INSERT INTO t_clue (id, owner_id, activity_id, full_name, appellation, phone, weixin, qq, email, age, job, year_income, address, need_loan, intention_state, intention_product, state, source, description, next_contact_time, create_time, create_by, edit_time, edit_by) VALUES (1122, 1, 46, '王世坤', 18, '13700000000', '13700000000', '209836613', 'wangjie@163.com', 32, '工程师', 10.00, '北京亦庄', null, null, null, null, 25, '近期在看车', '2023-12-27 09:20:21.000000 +00:00', null, null, null, null);
INSERT INTO t_clue (id, owner_id, activity_id, full_name, appellation, phone, weixin, qq, email, age, job, year_income, address, need_loan, intention_state, intention_product, state, source, description, next_contact_time, create_time, create_by, edit_time, edit_by) VALUES (1123, 1, 47, '张珊珊', 41, '13700000001', '13700000001', null, null, 28, null, 8.00, '河北廊坊', null, null, null, null, 14, '通过打电话获取的线索', '2023-11-30 13:33:51.000000 +00:00', null, null, null, null);
INSERT INTO t_clue (id, owner_id, activity_id, full_name, appellation, phone, weixin, qq, email, age, job, year_income, address, need_loan, intention_state, intention_product, state, source, description, next_contact_time, create_time, create_by, edit_time, edit_by) VALUES (1124, 1, 46, '王杰', 18, '13700000000', '13700000000', '230989432', 'wangjie@163.com', 32, '工程师', 10.00, '北京亦庄', null, null, null, null, 3, '近期在看车', '2023-11-27 20:33:25.000000 +00:00', null, null, null, null);
INSERT INTO t_clue (id, owner_id, activity_id, full_name, appellation, phone, weixin, qq, email, age, job, year_income, address, need_loan, intention_state, intention_product, state, source, description, next_contact_time, create_time, create_by, edit_time, edit_by) VALUES (1125, 1, 47, '张怡然', 41, '13700000001', '13700000001', null, null, 28, null, 8.00, '河北廊坊', null, null, null, null, 16, '通过打电话获取的线索', '2023-11-30 10:33:51.000000 +00:00', null, null, null, null);
INSERT INTO t_clue (id, owner_id, activity_id, full_name, appellation, phone, weixin, qq, email, age, job, year_income, address, need_loan, intention_state, intention_product, state, source, description, next_contact_time, create_time, create_by, edit_time, edit_by) VALUES (1126, 2, 7, '张翔宇', 18, '13876903226', '13876903226', '1298094321', null, 26, null, 9.00, '天津和平', null, null, null, null, 17, '有购车意向，需要跟踪', '2023-11-15 10:30:00.000000 +00:00', null, null, null, null);
INSERT INTO t_clue (id, owner_id, activity_id, full_name, appellation, phone, weixin, qq, email, age, job, year_income, address, need_loan, intention_state, intention_product, state, source, description, next_contact_time, create_time, create_by, edit_time, edit_by) VALUES (1127, 1, 46, '王世坤', 18, '13700000000', '13700000000', '209836613', 'wangjie@163.com', 32, '工程师', 10.00, '北京亦庄', null, null, null, null, 2, '近期在看车', '2023-12-27 09:20:21.000000 +00:00', null, null, null, null);
INSERT INTO t_clue (id, owner_id, activity_id, full_name, appellation, phone, weixin, qq, email, age, job, year_income, address, need_loan, intention_state, intention_product, state, source, description, next_contact_time, create_time, create_by, edit_time, edit_by) VALUES (1128, 1, 47, '张珊珊', 41, '13700000001', '13700000001', null, null, 28, null, 8.00, '河北廊坊', null, null, null, null, 22, '通过打电话获取的线索', '2023-11-30 13:33:51.000000 +00:00', null, null, null, null);
INSERT INTO t_clue (id, owner_id, activity_id, full_name, appellation, phone, weixin, qq, email, age, job, year_income, address, need_loan, intention_state, intention_product, state, source, description, next_contact_time, create_time, create_by, edit_time, edit_by) VALUES (1129, 1, 46, '王杰', 18, '13700000000', '13700000000', '230989432', 'wangjie@163.com', 32, '工程师', 10.00, '北京亦庄', null, null, null, null, 39, '近期在看车', '2023-11-27 20:33:25.000000 +00:00', null, null, null, null);
INSERT INTO t_clue (id, owner_id, activity_id, full_name, appellation, phone, weixin, qq, email, age, job, year_income, address, need_loan, intention_state, intention_product, state, source, description, next_contact_time, create_time, create_by, edit_time, edit_by) VALUES (1130, 1, 47, '张怡然', 41, '13700000001', '13700000001', null, null, 28, null, 8.00, '河北廊坊', null, null, null, null, 33, '通过打电话获取的线索', '2023-11-30 10:33:51.000000 +00:00', null, null, null, null);
INSERT INTO t_clue (id, owner_id, activity_id, full_name, appellation, phone, weixin, qq, email, age, job, year_income, address, need_loan, intention_state, intention_product, state, source, description, next_contact_time, create_time, create_by, edit_time, edit_by) VALUES (1131, 2, 7, '张翔宇', 18, '13876903226', '13876903226', '1298094321', null, 26, null, 9.00, '天津和平', null, null, null, null, 36, '有购车意向，需要跟踪', '2023-11-15 10:30:00.000000 +00:00', null, null, null, null);
INSERT INTO t_clue (id, owner_id, activity_id, full_name, appellation, phone, weixin, qq, email, age, job, year_income, address, need_loan, intention_state, intention_product, state, source, description, next_contact_time, create_time, create_by, edit_time, edit_by) VALUES (1132, 1, 46, '王世坤', 18, '13700000000', '13700000000', '209836613', 'wangjie@163.com', 32, '工程师', 10.00, '北京亦庄', null, null, null, null, 23, '近期在看车', '2023-12-27 09:20:21.000000 +00:00', null, null, null, null);
INSERT INTO t_clue (id, owner_id, activity_id, full_name, appellation, phone, weixin, qq, email, age, job, year_income, address, need_loan, intention_state, intention_product, state, source, description, next_contact_time, create_time, create_by, edit_time, edit_by) VALUES (1133, 1, 47, '张珊珊', 41, '13700000001', '13700000001', null, null, 28, null, 8.00, '河北廊坊', null, null, null, null, 43, '通过打电话获取的线索', '2023-11-30 13:33:51.000000 +00:00', null, null, null, null);
INSERT INTO t_clue (id, owner_id, activity_id, full_name, appellation, phone, weixin, qq, email, age, job, year_income, address, need_loan, intention_state, intention_product, state, source, description, next_contact_time, create_time, create_by, edit_time, edit_by) VALUES (1134, 1, 46, '王杰', 18, '13700000000', '13700000000', '230989432', 'wangjie@163.com', 32, '工程师', 10.00, '北京亦庄', null, null, null, null, 44, '近期在看车', '2023-11-27 20:33:25.000000 +00:00', null, null, null, null);
INSERT INTO t_clue (id, owner_id, activity_id, full_name, appellation, phone, weixin, qq, email, age, job, year_income, address, need_loan, intention_state, intention_product, state, source, description, next_contact_time, create_time, create_by, edit_time, edit_by) VALUES (1135, 1, 47, '张怡然', 41, '13700000001', '13700000001', null, null, 28, null, 8.00, '河北廊坊', null, null, null, null, 45, '通过打电话获取的线索', '2023-11-30 10:33:51.000000 +00:00', null, null, null, null);
INSERT INTO t_clue (id, owner_id, activity_id, full_name, appellation, phone, weixin, qq, email, age, job, year_income, address, need_loan, intention_state, intention_product, state, source, description, next_contact_time, create_time, create_by, edit_time, edit_by) VALUES (1136, 2, 7, '张翔宇', 18, '13876903226', '13876903226', '1298094321', null, 26, null, 9.00, '天津和平', null, null, null, null, 25, '有购车意向，需要跟踪', '2023-11-15 10:30:00.000000 +00:00', null, null, null, null);
INSERT INTO t_clue (id, owner_id, activity_id, full_name, appellation, phone, weixin, qq, email, age, job, year_income, address, need_loan, intention_state, intention_product, state, source, description, next_contact_time, create_time, create_by, edit_time, edit_by) VALUES (1137, 1, 46, '王世坤', 18, '13700000000', '13700000000', '209836613', 'wangjie@163.com', 32, '工程师', 10.00, '北京亦庄', null, null, null, null, 14, '近期在看车', '2023-12-27 09:20:21.000000 +00:00', null, null, null, null);
INSERT INTO t_clue (id, owner_id, activity_id, full_name, appellation, phone, weixin, qq, email, age, job, year_income, address, need_loan, intention_state, intention_product, state, source, description, next_contact_time, create_time, create_by, edit_time, edit_by) VALUES (1138, 1, 47, '张珊珊', 41, '13700000001', '13700000001', null, null, 28, null, 8.00, '河北廊坊', null, null, null, null, 3, '通过打电话获取的线索', '2023-11-30 13:33:51.000000 +00:00', null, null, null, null);
INSERT INTO t_clue (id, owner_id, activity_id, full_name, appellation, phone, weixin, qq, email, age, job, year_income, address, need_loan, intention_state, intention_product, state, source, description, next_contact_time, create_time, create_by, edit_time, edit_by) VALUES (1139, 1, 46, '王杰', 18, '13700000000', '13700000000', '230989432', 'wangjie@163.com', 32, '工程师', 10.00, '北京亦庄', null, null, null, null, 16, '近期在看车', '2023-11-27 20:33:25.000000 +00:00', null, null, null, null);
INSERT INTO t_clue (id, owner_id, activity_id, full_name, appellation, phone, weixin, qq, email, age, job, year_income, address, need_loan, intention_state, intention_product, state, source, description, next_contact_time, create_time, create_by, edit_time, edit_by) VALUES (1140, 1, 47, '张怡然', 41, '13700000001', '13700000001', null, null, 28, null, 8.00, '河北廊坊', null, null, null, null, 17, '通过打电话获取的线索', '2023-11-30 10:33:51.000000 +00:00', null, null, null, null);
INSERT INTO t_clue (id, owner_id, activity_id, full_name, appellation, phone, weixin, qq, email, age, job, year_income, address, need_loan, intention_state, intention_product, state, source, description, next_contact_time, create_time, create_by, edit_time, edit_by) VALUES (1141, 2, 7, '张翔宇', 18, '13876903226', '13876903226', '1298094321', null, 26, null, 9.00, '天津和平', null, null, null, null, 2, '有购车意向，需要跟踪', '2023-11-15 10:30:00.000000 +00:00', null, null, null, null);
INSERT INTO t_clue (id, owner_id, activity_id, full_name, appellation, phone, weixin, qq, email, age, job, year_income, address, need_loan, intention_state, intention_product, state, source, description, next_contact_time, create_time, create_by, edit_time, edit_by) VALUES (1142, 1, 46, '王世坤', 18, '13700000000', '13700000000', '209836613', 'wangjie@163.com', 32, '工程师', 10.00, '北京亦庄', null, null, null, null, 22, '近期在看车', '2023-12-27 09:20:21.000000 +00:00', null, null, null, null);
INSERT INTO t_clue (id, owner_id, activity_id, full_name, appellation, phone, weixin, qq, email, age, job, year_income, address, need_loan, intention_state, intention_product, state, source, description, next_contact_time, create_time, create_by, edit_time, edit_by) VALUES (1143, 1, 47, '张珊珊', 41, '13700000001', '13700000001', null, null, 28, null, 8.00, '河北廊坊', null, null, null, null, 39, '通过打电话获取的线索', '2023-11-30 13:33:51.000000 +00:00', null, null, null, null);

INSERT INTO t_clue_remark (id, clue_id, note_way, note_content, create_time, create_by, edit_time, edit_by, deleted) VALUES (5, 8, 65, '2143242354', '2023-04-28 14:24:27.000000 +00:00', 1, null, null, null);
INSERT INTO t_clue_remark (id, clue_id, note_way, note_content, create_time, create_by, edit_time, edit_by, deleted) VALUES (6, 10, 64, '123412312312', '2023-04-28 14:29:41.000000 +00:00', 1, null, null, null);
INSERT INTO t_clue_remark (id, clue_id, note_way, note_content, create_time, create_by, edit_time, edit_by, deleted) VALUES (7, 10, 63, '二位绕弯儿翁人', '2023-04-28 14:30:16.000000 +00:00', 1, null, null, null);
INSERT INTO t_clue_remark (id, clue_id, note_way, note_content, create_time, create_by, edit_time, edit_by, deleted) VALUES (8, 21, 61, '12213123123', '2023-05-21 23:43:48.000000 +00:00', 1, null, null, null);
INSERT INTO t_clue_remark (id, clue_id, note_way, note_content, create_time, create_by, edit_time, edit_by, deleted) VALUES (9, 21, 62, '3ewrwerewr', '2023-05-21 23:43:52.000000 +00:00', 1, null, null, null);
INSERT INTO t_clue_remark (id, clue_id, note_way, note_content, create_time, create_by, edit_time, edit_by, deleted) VALUES (10, 21, 65, 'ewrwerewrewr', '2023-05-21 23:43:55.000000 +00:00', 1, null, null, null);
INSERT INTO t_clue_remark (id, clue_id, note_way, note_content, create_time, create_by, edit_time, edit_by, deleted) VALUES (11, 16, 64, '123213123', '2023-05-21 23:54:57.000000 +00:00', 1, null, null, null);
INSERT INTO t_clue_remark (id, clue_id, note_way, note_content, create_time, create_by, edit_time, edit_by, deleted) VALUES (12, 16, 63, '23123123', '2023-05-21 23:54:59.000000 +00:00', 1, null, null, null);
INSERT INTO t_clue_remark (id, clue_id, note_way, note_content, create_time, create_by, edit_time, edit_by, deleted) VALUES (13, 16, 61, '2312313', '2023-05-21 23:55:02.000000 +00:00', 1, null, null, null);
INSERT INTO t_clue_remark (id, clue_id, note_way, note_content, create_time, create_by, edit_time, edit_by, deleted) VALUES (14, 1, 62, null, '2023-06-27 22:47:49.000000 +00:00', 1, null, null, null);
INSERT INTO t_clue_remark (id, clue_id, note_way, note_content, create_time, create_by, edit_time, edit_by, deleted) VALUES (15, 1, 65, '111111111111111', '2023-06-27 22:47:56.000000 +00:00', 1, null, null, null);
INSERT INTO t_clue_remark (id, clue_id, note_way, note_content, create_time, create_by, edit_time, edit_by, deleted) VALUES (16, 1, 64, '1111111111111111111111222222222222222222222222', '2023-06-27 22:48:01.000000 +00:00', 1, null, null, null);

INSERT INTO t_customer (id, clue_id, product, description, next_contact_time, create_time, create_by, edit_time, edit_by) VALUES (1, 10, 3, '2131231', '2023-05-06 15:36:59.000000 +00:00', null, null, null, null);
INSERT INTO t_customer (id, clue_id, product, description, next_contact_time, create_time, create_by, edit_time, edit_by) VALUES (2, 8, 6, '124气味儿群', '2023-05-05 00:00:00.000000 +00:00', null, null, null, null);
INSERT INTO t_customer (id, clue_id, product, description, next_contact_time, create_time, create_by, edit_time, edit_by) VALUES (3, 6, 6, '1232强21312', '2023-05-06 00:00:00.000000 +00:00', '2023-04-28 15:42:15.000000 +00:00', 1, null, null);
INSERT INTO t_customer (id, clue_id, product, description, next_contact_time, create_time, create_by, edit_time, edit_by) VALUES (4, 2, 3, '阿萨的人', '2023-05-05 00:00:00.000000 +00:00', '2023-04-28 15:54:04.000000 +00:00', 1, null, null);
INSERT INTO t_customer (id, clue_id, product, description, next_contact_time, create_time, create_by, edit_time, edit_by) VALUES (5, 10, 1, '234234', '2023-05-05 00:00:00.000000 +00:00', '2023-04-28 15:56:44.000000 +00:00', 1, null, null);
INSERT INTO t_customer (id, clue_id, product, description, next_contact_time, create_time, create_by, edit_time, edit_by) VALUES (6, 17, 2, '是的啊所大', '2023-05-05 00:00:00.000000 +00:00', '2023-04-28 15:59:33.000000 +00:00', 1, null, null);
INSERT INTO t_customer (id, clue_id, product, description, next_contact_time, create_time, create_by, edit_time, edit_by) VALUES (7, 5, 2, '12312312', '2023-05-12 00:00:00.000000 +00:00', '2023-05-04 10:03:05.000000 +00:00', 1, null, null);
INSERT INTO t_customer (id, clue_id, product, description, next_contact_time, create_time, create_by, edit_time, edit_by) VALUES (8, 19, 2, '气味儿群翁', '2023-05-04 10:03:18.000000 +00:00', '2023-05-04 10:03:20.000000 +00:00', 1, null, null);
INSERT INTO t_customer (id, clue_id, product, description, next_contact_time, create_time, create_by, edit_time, edit_by) VALUES (9, 14, 4, '沃尔沃二', '2023-06-09 00:00:00.000000 +00:00', '2023-05-04 10:03:39.000000 +00:00', 1, null, null);
INSERT INTO t_customer (id, clue_id, product, description, next_contact_time, create_time, create_by, edit_time, edit_by) VALUES (10, 23, 4, '沃尔沃二翁', '2023-05-23 00:00:00.000000 +00:00', '2023-05-04 10:03:53.000000 +00:00', 1, null, null);
INSERT INTO t_customer (id, clue_id, product, description, next_contact_time, create_time, create_by, edit_time, edit_by) VALUES (11, 13, 2, '沃尔沃二', '2023-05-13 00:00:00.000000 +00:00', '2023-05-04 10:04:03.000000 +00:00', 1, null, null);
INSERT INTO t_customer (id, clue_id, product, description, next_contact_time, create_time, create_by, edit_time, edit_by) VALUES (12, 13, 2, '沃尔沃二', '2023-05-13 00:00:00.000000 +00:00', '2023-05-04 10:04:03.000000 +00:00', 1, null, null);
INSERT INTO t_customer (id, clue_id, product, description, next_contact_time, create_time, create_by, edit_time, edit_by) VALUES (13, 13, 2, '沃尔沃二', '2023-05-13 00:00:00.000000 +00:00', '2023-05-04 10:04:03.000000 +00:00', 1, null, null);
INSERT INTO t_customer (id, clue_id, product, description, next_contact_time, create_time, create_by, edit_time, edit_by) VALUES (14, 13, 2, '沃尔沃二', '2023-05-13 00:00:00.000000 +00:00', '2023-05-04 10:04:03.000000 +00:00', 1, null, null);
INSERT INTO t_customer (id, clue_id, product, description, next_contact_time, create_time, create_by, edit_time, edit_by) VALUES (15, 13, 2, '沃尔沃二', '2023-05-13 00:00:00.000000 +00:00', '2023-05-04 10:04:03.000000 +00:00', 1, null, null);
INSERT INTO t_customer (id, clue_id, product, description, next_contact_time, create_time, create_by, edit_time, edit_by) VALUES (17, 13, 2, '沃尔沃二', '2023-05-13 00:00:00.000000 +00:00', '2023-05-04 10:04:03.000000 +00:00', 1, null, null);
INSERT INTO t_customer (id, clue_id, product, description, next_contact_time, create_time, create_by, edit_time, edit_by) VALUES (18, 13, 2, '沃尔沃二', '2023-05-13 00:00:00.000000 +00:00', '2023-05-04 10:04:03.000000 +00:00', 1, null, null);
INSERT INTO t_customer (id, clue_id, product, description, next_contact_time, create_time, create_by, edit_time, edit_by) VALUES (19, 13, 2, '沃尔沃二', '2023-05-13 00:00:00.000000 +00:00', '2023-05-04 10:04:03.000000 +00:00', 1, null, null);
INSERT INTO t_customer (id, clue_id, product, description, next_contact_time, create_time, create_by, edit_time, edit_by) VALUES (20, 13, 2, '沃尔沃二', '2023-05-13 00:00:00.000000 +00:00', '2023-05-04 10:04:03.000000 +00:00', 1, null, null);
INSERT INTO t_customer (id, clue_id, product, description, next_contact_time, create_time, create_by, edit_time, edit_by) VALUES (21, 13, 2, '沃尔沃二', '2023-05-13 00:00:00.000000 +00:00', '2023-05-04 10:04:03.000000 +00:00', 1, null, null);
INSERT INTO t_customer (id, clue_id, product, description, next_contact_time, create_time, create_by, edit_time, edit_by) VALUES (22, 13, 2, '沃尔沃二', '2023-05-13 00:00:00.000000 +00:00', '2023-05-04 10:04:03.000000 +00:00', 1, null, null);
INSERT INTO t_customer (id, clue_id, product, description, next_contact_time, create_time, create_by, edit_time, edit_by) VALUES (23, 13, 2, '沃尔沃二', '2023-05-13 00:00:00.000000 +00:00', '2023-05-04 10:04:03.000000 +00:00', 1, null, null);
INSERT INTO t_customer (id, clue_id, product, description, next_contact_time, create_time, create_by, edit_time, edit_by) VALUES (24, 13, 2, '沃尔沃二', '2023-05-13 00:00:00.000000 +00:00', '2023-05-04 10:04:03.000000 +00:00', 1, null, null);
INSERT INTO t_customer (id, clue_id, product, description, next_contact_time, create_time, create_by, edit_time, edit_by) VALUES (25, 13, 2, '沃尔沃二', '2023-05-13 00:00:00.000000 +00:00', '2023-05-04 10:04:03.000000 +00:00', 1, null, null);
INSERT INTO t_customer (id, clue_id, product, description, next_contact_time, create_time, create_by, edit_time, edit_by) VALUES (26, 13, 2, '沃尔沃二', '2023-05-13 00:00:00.000000 +00:00', '2023-05-04 10:04:03.000000 +00:00', 1, null, null);
INSERT INTO t_customer (id, clue_id, product, description, next_contact_time, create_time, create_by, edit_time, edit_by) VALUES (27, 13, 2, '沃尔沃二', '2023-05-13 00:00:00.000000 +00:00', '2023-05-04 10:04:03.000000 +00:00', 1, null, null);
INSERT INTO t_customer (id, clue_id, product, description, next_contact_time, create_time, create_by, edit_time, edit_by) VALUES (28, 13, 2, '沃尔沃二', '2023-05-13 00:00:00.000000 +00:00', '2023-05-04 10:04:03.000000 +00:00', 1, null, null);
INSERT INTO t_customer (id, clue_id, product, description, next_contact_time, create_time, create_by, edit_time, edit_by) VALUES (29, 13, 2, '沃尔沃二', '2023-05-13 00:00:00.000000 +00:00', '2023-05-04 10:04:03.000000 +00:00', 1, null, null);
INSERT INTO t_customer (id, clue_id, product, description, next_contact_time, create_time, create_by, edit_time, edit_by) VALUES (30, 13, 2, '沃尔沃二', '2023-05-13 00:00:00.000000 +00:00', '2023-05-04 10:04:03.000000 +00:00', 1, null, null);
INSERT INTO t_customer (id, clue_id, product, description, next_contact_time, create_time, create_by, edit_time, edit_by) VALUES (31, 13, 2, '沃尔沃二', '2023-05-13 00:00:00.000000 +00:00', '2023-05-04 10:04:03.000000 +00:00', 1, null, null);
INSERT INTO t_customer (id, clue_id, product, description, next_contact_time, create_time, create_by, edit_time, edit_by) VALUES (32, 13, 2, '沃尔沃二', '2023-05-13 00:00:00.000000 +00:00', '2023-05-04 10:04:03.000000 +00:00', 1, null, null);
INSERT INTO t_customer (id, clue_id, product, description, next_contact_time, create_time, create_by, edit_time, edit_by) VALUES (33, 13, 2, '沃尔沃二', '2023-05-13 00:00:00.000000 +00:00', '2023-05-04 10:04:03.000000 +00:00', 1, null, null);
INSERT INTO t_customer (id, clue_id, product, description, next_contact_time, create_time, create_by, edit_time, edit_by) VALUES (34, 13, 2, '沃尔沃二', '2023-05-13 00:00:00.000000 +00:00', '2023-05-04 10:04:03.000000 +00:00', 1, null, null);
INSERT INTO t_customer (id, clue_id, product, description, next_contact_time, create_time, create_by, edit_time, edit_by) VALUES (35, 13, 2, '沃尔沃二', '2023-05-13 00:00:00.000000 +00:00', '2023-05-04 10:04:03.000000 +00:00', 1, null, null);
INSERT INTO t_customer (id, clue_id, product, description, next_contact_time, create_time, create_by, edit_time, edit_by) VALUES (36, 13, 2, '沃尔沃二', '2023-05-13 00:00:00.000000 +00:00', '2023-05-04 10:04:03.000000 +00:00', 1, null, null);
INSERT INTO t_customer (id, clue_id, product, description, next_contact_time, create_time, create_by, edit_time, edit_by) VALUES (37, 13, 2, '沃尔沃二', '2023-05-13 00:00:00.000000 +00:00', '2023-05-04 10:04:03.000000 +00:00', 1, null, null);
INSERT INTO t_customer (id, clue_id, product, description, next_contact_time, create_time, create_by, edit_time, edit_by) VALUES (38, 13, 2, '沃尔沃二', '2023-05-13 00:00:00.000000 +00:00', '2023-05-04 10:04:03.000000 +00:00', 1, null, null);
INSERT INTO t_customer (id, clue_id, product, description, next_contact_time, create_time, create_by, edit_time, edit_by) VALUES (39, 13, 2, '沃尔沃二', '2023-05-13 00:00:00.000000 +00:00', '2023-05-04 10:04:03.000000 +00:00', 1, null, null);

INSERT INTO t_tran (id, tran_no, customer_id, money, expected_date, stage, description, next_contact_time, create_time, create_by, edit_time, edit_by) VALUES (1, '202311121932019432', 7, 93000.00, '2023-11-12 00:00:00.000000 +00:00', 12, '123131', '2023-11-29 00:00:00.000000 +00:00', '2023-11-12 19:32:02.000000 +00:00', 1, null, null);
INSERT INTO t_tran (id, tran_no, customer_id, money, expected_date, stage, description, next_contact_time, create_time, create_by, edit_time, edit_by) VALUES (5, '202311121932019431', 1, 120000.00, '2023-11-14 00:00:00.000000 +00:00', 42, '123131', '2023-11-29 00:00:00.000000 +00:00', '2023-11-12 19:32:02.000000 +00:00', 1, null, null);
INSERT INTO t_tran (id, tran_no, customer_id, money, expected_date, stage, description, next_contact_time, create_time, create_by, edit_time, edit_by) VALUES (6, '202311121932019432', 2, 93000.00, '2023-11-12 00:00:00.000000 +00:00', 42, '123131', '2023-11-29 00:00:00.000000 +00:00', '2023-11-12 19:32:02.000000 +00:00', 1, null, null);
INSERT INTO t_tran (id, tran_no, customer_id, money, expected_date, stage, description, next_contact_time, create_time, create_by, edit_time, edit_by) VALUES (7, '202311121932019432', 3, 93000.00, '2023-11-12 00:00:00.000000 +00:00', 42, '123131', '2023-11-29 00:00:00.000000 +00:00', '2023-11-12 19:32:02.000000 +00:00', 1, null, null);
INSERT INTO t_tran (id, tran_no, customer_id, money, expected_date, stage, description, next_contact_time, create_time, create_by, edit_time, edit_by) VALUES (8, '202311121932019432', 4, 93000.00, '2023-11-12 00:00:00.000000 +00:00', 42, '123131', '2023-11-29 00:00:00.000000 +00:00', '2023-11-12 19:32:02.000000 +00:00', 1, null, null);
INSERT INTO t_tran (id, tran_no, customer_id, money, expected_date, stage, description, next_contact_time, create_time, create_by, edit_time, edit_by) VALUES (9, '202311121932019432', 6, 93000.00, '2023-11-12 00:00:00.000000 +00:00', 42, '123131', '2023-11-29 00:00:00.000000 +00:00', '2023-11-12 19:32:02.000000 +00:00', 1, null, null);
INSERT INTO t_tran (id, tran_no, customer_id, money, expected_date, stage, description, next_contact_time, create_time, create_by, edit_time, edit_by) VALUES (10, '202311121932019432', 5, 93000.00, '2023-11-12 00:00:00.000000 +00:00', 12, '123131', '2023-11-29 00:00:00.000000 +00:00', '2023-11-12 19:32:02.000000 +00:00', 1, null, null);
INSERT INTO t_tran (id, tran_no, customer_id, money, expected_date, stage, description, next_contact_time, create_time, create_by, edit_time, edit_by) VALUES (11, '202311121932019432', 8, 93000.00, '2023-11-12 00:00:00.000000 +00:00', 12, '123131', '2023-11-29 00:00:00.000000 +00:00', '2023-11-12 19:32:02.000000 +00:00', 1, null, null);
INSERT INTO t_tran (id, tran_no, customer_id, money, expected_date, stage, description, next_contact_time, create_time, create_by, edit_time, edit_by) VALUES (12, '202311121932019432', 10, 93000.00, '2023-11-12 00:00:00.000000 +00:00', 12, '123131', '2023-11-29 00:00:00.000000 +00:00', '2023-11-12 19:32:02.000000 +00:00', 1, null, null);
INSERT INTO t_tran (id, tran_no, customer_id, money, expected_date, stage, description, next_contact_time, create_time, create_by, edit_time, edit_by) VALUES (13, '202311121932019432', 11, 93000.00, '2023-11-12 00:00:00.000000 +00:00', 12, '123131', '2023-11-29 00:00:00.000000 +00:00', '2023-11-12 19:32:02.000000 +00:00', 1, null, null);
INSERT INTO t_tran (id, tran_no, customer_id, money, expected_date, stage, description, next_contact_time, create_time, create_by, edit_time, edit_by) VALUES (14, '202311121932019432', 12, 93000.00, '2023-11-12 00:00:00.000000 +00:00', 12, '123131', '2023-11-29 00:00:00.000000 +00:00', '2023-11-12 19:32:02.000000 +00:00', 1, null, null);
INSERT INTO t_tran (id, tran_no, customer_id, money, expected_date, stage, description, next_contact_time, create_time, create_by, edit_time, edit_by) VALUES (15, '202311121932019432', 13, 93000.00, '2023-11-12 00:00:00.000000 +00:00', 12, '123131', '2023-11-29 00:00:00.000000 +00:00', '2023-11-12 19:32:02.000000 +00:00', 1, null, null);
INSERT INTO t_tran (id, tran_no, customer_id, money, expected_date, stage, description, next_contact_time, create_time, create_by, edit_time, edit_by) VALUES (16, '202311121932019432', 14, 93000.00, '2023-11-12 00:00:00.000000 +00:00', 12, '123131', '2023-11-29 00:00:00.000000 +00:00', '2023-11-12 19:32:02.000000 +00:00', 1, null, null);
INSERT INTO t_tran (id, tran_no, customer_id, money, expected_date, stage, description, next_contact_time, create_time, create_by, edit_time, edit_by) VALUES (17, '202311121932019432', 15, 93000.00, '2023-11-12 00:00:00.000000 +00:00', 12, '123131', '2023-11-29 00:00:00.000000 +00:00', '2023-11-12 19:32:02.000000 +00:00', 1, null, null);
INSERT INTO t_tran (id, tran_no, customer_id, money, expected_date, stage, description, next_contact_time, create_time, create_by, edit_time, edit_by) VALUES (612, '202311121932019432', 9, 93000.00, '2023-11-12 00:00:00.000000 +00:00', 12, '123131', '2023-11-29 00:00:00.000000 +00:00', '2023-11-12 19:32:02.000000 +00:00', 1, null, null);

INSERT INTO t_customer_remark (id, customer_id, note_way, note_content, create_by, create_time, edit_time, edit_by, deleted) VALUES (1, 10, 65, '1111111111111111', 1, '2023-05-04 15:25:51.000000 +00:00', null, null, null);
INSERT INTO t_customer_remark (id, customer_id, note_way, note_content, create_by, create_time, edit_time, edit_by, deleted) VALUES (2, 10, 64, '2222222222222', 1, '2023-05-04 15:28:13.000000 +00:00', null, null, null);
INSERT INTO t_customer_remark (id, customer_id, note_way, note_content, create_by, create_time, edit_time, edit_by, deleted) VALUES (3, 10, 63, 'EREWREWRWRWR', 1, '2023-05-04 16:21:03.000000 +00:00', null, null, null);
INSERT INTO t_customer_remark (id, customer_id, note_way, note_content, create_by, create_time, edit_time, edit_by, deleted) VALUES (4, 7, 61, '13213123', 1, '2023-05-17 17:36:16.000000 +00:00', null, null, null);
INSERT INTO t_customer_remark (id, customer_id, note_way, note_content, create_by, create_time, edit_time, edit_by, deleted) VALUES (5, 10, 62, '2342423423423', 1, '2023-05-17 17:36:33.000000 +00:00', null, null, null);
INSERT INTO t_customer_remark (id, customer_id, note_way, note_content, create_by, create_time, edit_time, edit_by, deleted) VALUES (6, 1, 65, '3212321321', 1, '2023-05-21 23:50:42.000000 +00:00', null, null, null);
INSERT INTO t_customer_remark (id, customer_id, note_way, note_content, create_by, create_time, edit_time, edit_by, deleted) VALUES (7, 1, 64, 'eqwewqeqwe', 1, '2023-05-21 23:50:46.000000 +00:00', null, null, null);
INSERT INTO t_customer_remark (id, customer_id, note_way, note_content, create_by, create_time, edit_time, edit_by, deleted) VALUES (8, 1, 63, 'wqeqwewqeqw', 1, '2023-05-21 23:50:48.000000 +00:00', null, null, null);
INSERT INTO t_customer_remark (id, customer_id, note_way, note_content, create_by, create_time, edit_time, edit_by, deleted) VALUES (9, 8, 61, 'ewqeqweq', 1, '2023-05-21 23:50:59.000000 +00:00', null, null, null);
INSERT INTO t_customer_remark (id, customer_id, note_way, note_content, create_by, create_time, edit_time, edit_by, deleted) VALUES (10, 5, 62, 'weqweqweqweq', 1, '2023-05-21 23:51:05.000000 +00:00', null, null, null);
INSERT INTO t_customer_remark (id, customer_id, note_way, note_content, create_by, create_time, edit_time, edit_by, deleted) VALUES (11, 5, 65, 'weqwewqeqw', 1, '2023-05-21 23:51:08.000000 +00:00', null, null, null);
INSERT INTO t_customer_remark (id, customer_id, note_way, note_content, create_by, create_time, edit_time, edit_by, deleted) VALUES (12, 5, 64, '23213213123', 1, '2023-05-21 23:51:13.000000 +00:00', null, null, null);
INSERT INTO t_customer_remark (id, customer_id, note_way, note_content, create_by, create_time, edit_time, edit_by, deleted) VALUES (13, 5, 65, '23123213213', 1, '2023-05-21 23:51:16.000000 +00:00', null, null, null);
INSERT INTO t_customer_remark (id, customer_id, note_way, note_content, create_by, create_time, edit_time, edit_by, deleted) VALUES (14, 5, 64, '23123213213', 1, '2023-05-21 23:51:19.000000 +00:00', null, null, null);
INSERT INTO t_customer_remark (id, customer_id, note_way, note_content, create_by, create_time, edit_time, edit_by, deleted) VALUES (15, 5, 63, '3232323123', 1, '2023-05-21 23:51:23.000000 +00:00', null, null, null);
INSERT INTO t_customer_remark (id, customer_id, note_way, note_content, create_by, create_time, edit_time, edit_by, deleted) VALUES (16, 1, 61, '12312321321', 1, '2023-05-21 23:56:55.000000 +00:00', null, null, null);
INSERT INTO t_customer_remark (id, customer_id, note_way, note_content, create_by, create_time, edit_time, edit_by, deleted) VALUES (17, 2, 62, '1232131231', 1, '2023-05-21 23:57:03.000000 +00:00', null, null, null);
INSERT INTO t_customer_remark (id, customer_id, note_way, note_content, create_by, create_time, edit_time, edit_by, deleted) VALUES (18, 10, 65, null, 1, '2023-05-22 22:12:52.000000 +00:00', null, null, null);
INSERT INTO t_customer_remark (id, customer_id, note_way, note_content, create_by, create_time, edit_time, edit_by, deleted) VALUES (19, 10, 64, '123213214124', 1, '2023-05-22 22:12:58.000000 +00:00', null, null, null);
INSERT INTO t_customer_remark (id, customer_id, note_way, note_content, create_by, create_time, edit_time, edit_by, deleted) VALUES (20, 10, 63, '13241242432432', 1, '2023-05-22 22:13:03.000000 +00:00', null, null, null);
INSERT INTO t_customer_remark (id, customer_id, note_way, note_content, create_by, create_time, edit_time, edit_by, deleted) VALUES (21, 10, 61, '3423423423', 1, '2023-05-22 22:13:06.000000 +00:00', null, null, null);
INSERT INTO t_customer_remark (id, customer_id, note_way, note_content, create_by, create_time, edit_time, edit_by, deleted) VALUES (22, 2, 62, '1242412141', 1, '2023-05-31 20:14:08.000000 +00:00', null, null, null);
